RaceYear,GrandPrix,SessionType,Driver,LapNumber,LapTime,Compound,Stint
2023,Monaco,R,VER,1.0,84.238,MEDIUM,1.0
2023,Monaco,R,VER,2.0,79.367,MEDIUM,1.0
2023,Monaco,R,VER,3.0,79.074,MEDIUM,1.0
2023,Monaco,R,VER,4.0,78.129,MEDIUM,1.0
2023,Monaco,R,VER,5.0,78.019,MEDIUM,1.0
2023,Monaco,R,VER,6.0,77.64,MEDIUM,1.0
2023,Monaco,R,VER,7.0,77.633,MEDIUM,1.0
2023,Monaco,R,VER,8.0,77.397,MEDIUM,1.0
2023,Monaco,R,VER,9.0,77.031,MEDIUM,1.0
2023,Monaco,R,VER,10.0,77.084,MEDIUM,1.0
2023,Monaco,R,VER,11.0,76.858,MEDIUM,1.0
2023,Monaco,R,VER,12.0,76.993,MEDIUM,1.0
2023,Monaco,R,VER,13.0,77.434,MEDIUM,1.0
2023,Monaco,R,VER,14.0,77.065,MEDIUM,1.0
2023,Monaco,R,VER,15.0,77.079,MEDIUM,1.0
2023,Monaco,R,VER,16.0,76.824,MEDIUM,1.0
2023,Monaco,R,VER,17.0,76.86,MEDIUM,1.0
2023,Monaco,R,VER,18.0,76.712,MEDIUM,1.0
2023,Monaco,R,VER,19.0,76.823,MEDIUM,1.0
2023,Monaco,R,VER,20.0,77.214,MEDIUM,1.0
2023,Monaco,R,VER,21.0,76.803,MEDIUM,1.0
2023,Monaco,R,VER,22.0,76.659,MEDIUM,1.0
2023,Monaco,R,VER,23.0,76.604,MEDIUM,1.0
2023,Monaco,R,VER,24.0,76.798,MEDIUM,1.0
2023,Monaco,R,VER,25.0,77.183,MEDIUM,1.0
2023,Monaco,R,VER,26.0,77.212,MEDIUM,1.0
2023,Monaco,R,VER,27.0,77.259,MEDIUM,1.0
2023,Monaco,R,VER,28.0,77.77,MEDIUM,1.0
2023,Monaco,R,VER,29.0,78.001,MEDIUM,1.0
2023,Monaco,R,VER,30.0,78.16,MEDIUM,1.0
2023,Monaco,R,VER,31.0,78.741,MEDIUM,1.0
2023,Monaco,R,VER,32.0,78.816,MEDIUM,1.0
2023,Monaco,R,VER,33.0,78.946,MEDIUM,1.0
2023,Monaco,R,VER,34.0,78.044,MEDIUM,1.0
2023,Monaco,R,VER,35.0,78.024,MEDIUM,1.0
2023,Monaco,R,VER,36.0,77.974,MEDIUM,1.0
2023,Monaco,R,VER,37.0,77.273,MEDIUM,1.0
2023,Monaco,R,VER,38.0,77.122,MEDIUM,1.0
2023,Monaco,R,VER,39.0,76.966,MEDIUM,1.0
2023,Monaco,R,VER,40.0,77.161,MEDIUM,1.0
2023,Monaco,R,VER,41.0,76.944,MEDIUM,1.0
2023,Monaco,R,VER,42.0,76.8,MEDIUM,1.0
2023,Monaco,R,VER,43.0,76.963,MEDIUM,1.0
2023,Monaco,R,VER,44.0,76.722,MEDIUM,1.0
2023,Monaco,R,VER,45.0,76.701,MEDIUM,1.0
2023,Monaco,R,VER,46.0,77.075,MEDIUM,1.0
2023,Monaco,R,VER,47.0,77.16,MEDIUM,1.0
2023,Monaco,R,VER,48.0,77.065,MEDIUM,1.0
2023,Monaco,R,VER,49.0,77.428,MEDIUM,1.0
2023,Monaco,R,VER,50.0,77.314,MEDIUM,1.0
2023,Monaco,R,VER,51.0,77.427,MEDIUM,1.0
2023,Monaco,R,VER,52.0,84.046,MEDIUM,1.0
2023,Monaco,R,VER,53.0,89.919,MEDIUM,1.0
2023,Monaco,R,VER,54.0,98.946,MEDIUM,1.0
2023,Monaco,R,VER,55.0,130.567,MEDIUM,1.0
2023,Monaco,R,VER,56.0,106.131,INTERMEDIATE,2.0
2023,Monaco,R,VER,57.0,103.464,INTERMEDIATE,2.0
2023,Monaco,R,VER,58.0,102.808,INTERMEDIATE,2.0
2023,Monaco,R,VER,59.0,103.791,INTERMEDIATE,2.0
2023,Monaco,R,VER,60.0,101.54,INTERMEDIATE,2.0
2023,Monaco,R,VER,61.0,100.797,INTERMEDIATE,2.0
2023,Monaco,R,VER,62.0,99.272,INTERMEDIATE,2.0
2023,Monaco,R,VER,63.0,99.61,INTERMEDIATE,2.0
2023,Monaco,R,VER,64.0,98.364,INTERMEDIATE,2.0
2023,Monaco,R,VER,65.0,97.16,INTERMEDIATE,2.0
2023,Monaco,R,VER,66.0,94.035,INTERMEDIATE,2.0
2023,Monaco,R,VER,67.0,92.921,INTERMEDIATE,2.0
2023,Monaco,R,VER,68.0,93.659,INTERMEDIATE,2.0
2023,Monaco,R,VER,69.0,91.607,INTERMEDIATE,2.0
2023,Monaco,R,VER,70.0,91.244,INTERMEDIATE,2.0
2023,Monaco,R,VER,71.0,90.363,INTERMEDIATE,2.0
2023,Monaco,R,VER,72.0,90.402,INTERMEDIATE,2.0
2023,Monaco,R,VER,73.0,88.386,INTERMEDIATE,2.0
2023,Monaco,R,VER,74.0,86.864,INTERMEDIATE,2.0
2023,Monaco,R,VER,75.0,85.518,INTERMEDIATE,2.0
2023,Monaco,R,VER,76.0,85.316,INTERMEDIATE,2.0
2023,Monaco,R,VER,77.0,85.46,INTERMEDIATE,2.0
2023,Monaco,R,VER,78.0,85.201,INTERMEDIATE,2.0
2023,Monaco,R,GAS,1.0,89.701,HARD,1.0
2023,Monaco,R,GAS,2.0,80.636,HARD,1.0
2023,Monaco,R,GAS,3.0,80.282,HARD,1.0
2023,Monaco,R,GAS,4.0,79.577,HARD,1.0
2023,Monaco,R,GAS,5.0,78.893,HARD,1.0
2023,Monaco,R,GAS,6.0,78.842,HARD,1.0
2023,Monaco,R,GAS,7.0,78.604,HARD,1.0
2023,Monaco,R,GAS,8.0,79.317,HARD,1.0
2023,Monaco,R,GAS,9.0,78.788,HARD,1.0
2023,Monaco,R,GAS,10.0,78.31,HARD,1.0
2023,Monaco,R,GAS,11.0,78.367,HARD,1.0
2023,Monaco,R,GAS,12.0,78.582,HARD,1.0
2023,Monaco,R,GAS,13.0,77.713,HARD,1.0
2023,Monaco,R,GAS,14.0,78.564,HARD,1.0
2023,Monaco,R,GAS,15.0,78.284,HARD,1.0
2023,Monaco,R,GAS,16.0,78.298,HARD,1.0
2023,Monaco,R,GAS,17.0,77.99,HARD,1.0
2023,Monaco,R,GAS,18.0,78.453,HARD,1.0
2023,Monaco,R,GAS,19.0,78.109,HARD,1.0
2023,Monaco,R,GAS,20.0,78.587,HARD,1.0
2023,Monaco,R,GAS,21.0,77.81,HARD,1.0
2023,Monaco,R,GAS,22.0,78.213,HARD,1.0
2023,Monaco,R,GAS,23.0,77.942,HARD,1.0
2023,Monaco,R,GAS,24.0,77.577,HARD,1.0
2023,Monaco,R,GAS,25.0,77.54,HARD,1.0
2023,Monaco,R,GAS,26.0,77.912,HARD,1.0
2023,Monaco,R,GAS,27.0,78.012,HARD,1.0
2023,Monaco,R,GAS,28.0,77.285,HARD,1.0
2023,Monaco,R,GAS,29.0,77.373,HARD,1.0
2023,Monaco,R,GAS,30.0,77.083,HARD,1.0
2023,Monaco,R,GAS,31.0,78.015,HARD,1.0
2023,Monaco,R,GAS,32.0,77.384,HARD,1.0
2023,Monaco,R,GAS,33.0,77.45,HARD,1.0
2023,Monaco,R,GAS,34.0,77.207,HARD,1.0
2023,Monaco,R,GAS,35.0,77.421,HARD,1.0
2023,Monaco,R,GAS,36.0,77.668,HARD,1.0
2023,Monaco,R,GAS,37.0,77.212,HARD,1.0
2023,Monaco,R,GAS,38.0,77.556,HARD,1.0
2023,Monaco,R,GAS,39.0,77.102,HARD,1.0
2023,Monaco,R,GAS,40.0,77.221,HARD,1.0
2023,Monaco,R,GAS,41.0,77.654,HARD,1.0
2023,Monaco,R,GAS,42.0,78.559,HARD,1.0
2023,Monaco,R,GAS,43.0,77.699,HARD,1.0
2023,Monaco,R,GAS,44.0,78.042,HARD,1.0
2023,Monaco,R,GAS,45.0,76.839,HARD,1.0
2023,Monaco,R,GAS,46.0,76.997,HARD,1.0
2023,Monaco,R,GAS,47.0,93.267,HARD,1.0
2023,Monaco,R,GAS,48.0,79.884,MEDIUM,2.0
2023,Monaco,R,GAS,49.0,75.831,MEDIUM,2.0
2023,Monaco,R,GAS,50.0,75.955,MEDIUM,2.0
2023,Monaco,R,GAS,51.0,76.711,MEDIUM,2.0
2023,Monaco,R,GAS,52.0,82.349,MEDIUM,2.0
2023,Monaco,R,GAS,53.0,95.781,MEDIUM,2.0
2023,Monaco,R,GAS,54.0,121.097,MEDIUM,2.0
2023,Monaco,R,GAS,55.0,103.22,INTERMEDIATE,3.0
2023,Monaco,R,GAS,56.0,101.478,INTERMEDIATE,3.0
2023,Monaco,R,GAS,57.0,103.496,INTERMEDIATE,3.0
2023,Monaco,R,GAS,58.0,103.238,INTERMEDIATE,3.0
2023,Monaco,R,GAS,59.0,103.477,INTERMEDIATE,3.0
2023,Monaco,R,GAS,60.0,102.923,INTERMEDIATE,3.0
2023,Monaco,R,GAS,61.0,102.263,INTERMEDIATE,3.0
2023,Monaco,R,GAS,62.0,100.864,INTERMEDIATE,3.0
2023,Monaco,R,GAS,63.0,100.28,INTERMEDIATE,3.0
2023,Monaco,R,GAS,64.0,99.374,INTERMEDIATE,3.0
2023,Monaco,R,GAS,65.0,98.169,INTERMEDIATE,3.0
2023,Monaco,R,GAS,66.0,96.252,INTERMEDIATE,3.0
2023,Monaco,R,GAS,67.0,94.612,INTERMEDIATE,3.0
2023,Monaco,R,GAS,68.0,93.318,INTERMEDIATE,3.0
2023,Monaco,R,GAS,69.0,96.097,INTERMEDIATE,3.0
2023,Monaco,R,GAS,70.0,91.098,INTERMEDIATE,3.0
2023,Monaco,R,GAS,71.0,90.098,INTERMEDIATE,3.0
2023,Monaco,R,GAS,72.0,89.916,INTERMEDIATE,3.0
2023,Monaco,R,GAS,73.0,88.128,INTERMEDIATE,3.0
2023,Monaco,R,GAS,74.0,87.856,INTERMEDIATE,3.0
2023,Monaco,R,GAS,75.0,86.378,INTERMEDIATE,3.0
2023,Monaco,R,GAS,76.0,86.077,INTERMEDIATE,3.0
2023,Monaco,R,GAS,77.0,85.607,INTERMEDIATE,3.0
2023,Monaco,R,GAS,78.0,86.578,INTERMEDIATE,3.0
2023,Monaco,R,PER,1.0,118.19,MEDIUM,1.0
2023,Monaco,R,PER,2.0,79.704,HARD,2.0
2023,Monaco,R,PER,3.0,76.387,HARD,2.0
2023,Monaco,R,PER,4.0,76.535,HARD,2.0
2023,Monaco,R,PER,5.0,76.269,HARD,2.0
2023,Monaco,R,PER,6.0,76.458,HARD,2.0
2023,Monaco,R,PER,7.0,77.399,HARD,2.0
2023,Monaco,R,PER,8.0,77.937,HARD,2.0
2023,Monaco,R,PER,9.0,78.254,HARD,2.0
2023,Monaco,R,PER,10.0,79.787,HARD,2.0
2023,Monaco,R,PER,11.0,79.848,HARD,2.0
2023,Monaco,R,PER,12.0,80.433,HARD,2.0
2023,Monaco,R,PER,13.0,80.797,HARD,2.0
2023,Monaco,R,PER,14.0,80.283,HARD,2.0
2023,Monaco,R,PER,15.0,80.418,HARD,2.0
2023,Monaco,R,PER,16.0,80.487,HARD,2.0
2023,Monaco,R,PER,17.0,81.315,HARD,2.0
2023,Monaco,R,PER,18.0,78.092,HARD,2.0
2023,Monaco,R,PER,19.0,77.867,HARD,2.0
2023,Monaco,R,PER,20.0,77.979,HARD,2.0
2023,Monaco,R,PER,21.0,78.523,HARD,2.0
2023,Monaco,R,PER,22.0,78.803,HARD,2.0
2023,Monaco,R,PER,23.0,78.604,HARD,2.0
2023,Monaco,R,PER,24.0,78.624,HARD,2.0
2023,Monaco,R,PER,25.0,78.541,HARD,2.0
2023,Monaco,R,PER,26.0,79.877,HARD,2.0
2023,Monaco,R,PER,27.0,79.319,HARD,2.0
2023,Monaco,R,PER,28.0,79.611,HARD,2.0
2023,Monaco,R,PER,29.0,79.986,HARD,2.0
2023,Monaco,R,PER,30.0,80.771,HARD,2.0
2023,Monaco,R,PER,31.0,79.292,HARD,2.0
2023,Monaco,R,PER,32.0,79.607,HARD,2.0
2023,Monaco,R,PER,33.0,82.083,HARD,2.0
2023,Monaco,R,PER,34.0,106.451,HARD,2.0
2023,Monaco,R,PER,35.0,79.581,MEDIUM,3.0
2023,Monaco,R,PER,36.0,76.882,MEDIUM,3.0
2023,Monaco,R,PER,37.0,76.706,MEDIUM,3.0
2023,Monaco,R,PER,38.0,76.353,MEDIUM,3.0
2023,Monaco,R,PER,39.0,76.445,MEDIUM,3.0
2023,Monaco,R,PER,40.0,76.755,MEDIUM,3.0
2023,Monaco,R,PER,41.0,77.959,MEDIUM,3.0
2023,Monaco,R,PER,42.0,77.46,MEDIUM,3.0
2023,Monaco,R,PER,43.0,77.847,MEDIUM,3.0
2023,Monaco,R,PER,44.0,77.616,MEDIUM,3.0
2023,Monaco,R,PER,45.0,77.128,MEDIUM,3.0
2023,Monaco,R,PER,46.0,77.047,MEDIUM,3.0
2023,Monaco,R,PER,47.0,76.859,MEDIUM,3.0
2023,Monaco,R,PER,48.0,76.98,MEDIUM,3.0
2023,Monaco,R,PER,49.0,78.524,MEDIUM,3.0
2023,Monaco,R,PER,50.0,84.856,MEDIUM,3.0
2023,Monaco,R,PER,51.0,85.645,MEDIUM,3.0
2023,Monaco,R,PER,52.0,98.2,MEDIUM,3.0
2023,Monaco,R,PER,53.0,115.544,MEDIUM,3.0
2023,Monaco,R,PER,54.0,102.332,INTERMEDIATE,4.0
2023,Monaco,R,PER,55.0,100.446,INTERMEDIATE,4.0
2023,Monaco,R,PER,56.0,105.055,INTERMEDIATE,4.0
2023,Monaco,R,PER,57.0,125.839,INTERMEDIATE,4.0
2023,Monaco,R,PER,58.0,105.989,WET,5.0
2023,Monaco,R,PER,59.0,100.595,WET,5.0
2023,Monaco,R,PER,60.0,101.082,WET,5.0
2023,Monaco,R,PER,61.0,101.22,WET,5.0
2023,Monaco,R,PER,62.0,99.631,WET,5.0
2023,Monaco,R,PER,63.0,99.405,WET,5.0
2023,Monaco,R,PER,64.0,97.112,WET,5.0
2023,Monaco,R,PER,65.0,97.675,WET,5.0
2023,Monaco,R,PER,66.0,96.451,WET,5.0
2023,Monaco,R,PER,67.0,95.957,WET,5.0
2023,Monaco,R,PER,68.0,96.297,WET,5.0
2023,Monaco,R,PER,69.0,95.708,WET,5.0
2023,Monaco,R,PER,70.0,118.066,WET,5.0
2023,Monaco,R,PER,71.0,96.744,INTERMEDIATE,6.0
2023,Monaco,R,PER,72.0,89.537,INTERMEDIATE,6.0
2023,Monaco,R,PER,73.0,86.82,INTERMEDIATE,6.0
2023,Monaco,R,PER,74.0,85.704,INTERMEDIATE,6.0
2023,Monaco,R,PER,75.0,94.148,INTERMEDIATE,6.0
2023,Monaco,R,PER,76.0,90.273,INTERMEDIATE,6.0
2023,Monaco,R,ALO,1.0,85.527,HARD,1.0
2023,Monaco,R,ALO,2.0,79.646,HARD,1.0
2023,Monaco,R,ALO,3.0,79.113,HARD,1.0
2023,Monaco,R,ALO,4.0,78.776,HARD,1.0
2023,Monaco,R,ALO,5.0,77.939,HARD,1.0
2023,Monaco,R,ALO,6.0,77.952,HARD,1.0
2023,Monaco,R,ALO,7.0,77.505,HARD,1.0
2023,Monaco,R,ALO,8.0,77.391,HARD,1.0
2023,Monaco,R,ALO,9.0,77.783,HARD,1.0
2023,Monaco,R,ALO,10.0,77.324,HARD,1.0
2023,Monaco,R,ALO,11.0,77.249,HARD,1.0
2023,Monaco,R,ALO,12.0,77.588,HARD,1.0
2023,Monaco,R,ALO,13.0,78.443,HARD,1.0
2023,Monaco,R,ALO,14.0,77.508,HARD,1.0
2023,Monaco,R,ALO,15.0,77.444,HARD,1.0
2023,Monaco,R,ALO,16.0,77.17,HARD,1.0
2023,Monaco,R,ALO,17.0,77.699,HARD,1.0
2023,Monaco,R,ALO,18.0,77.528,HARD,1.0
2023,Monaco,R,ALO,19.0,77.258,HARD,1.0
2023,Monaco,R,ALO,20.0,77.13,HARD,1.0
2023,Monaco,R,ALO,21.0,77.664,HARD,1.0
2023,Monaco,R,ALO,22.0,77.947,HARD,1.0
2023,Monaco,R,ALO,23.0,77.272,HARD,1.0
2023,Monaco,R,ALO,24.0,77.285,HARD,1.0
2023,Monaco,R,ALO,25.0,77.182,HARD,1.0
2023,Monaco,R,ALO,26.0,77.141,HARD,1.0
2023,Monaco,R,ALO,27.0,77.228,HARD,1.0
2023,Monaco,R,ALO,28.0,77.562,HARD,1.0
2023,Monaco,R,ALO,29.0,77.111,HARD,1.0
2023,Monaco,R,ALO,30.0,76.965,HARD,1.0
2023,Monaco,R,ALO,31.0,77.259,HARD,1.0
2023,Monaco,R,ALO,32.0,77.637,HARD,1.0
2023,Monaco,R,ALO,33.0,77.816,HARD,1.0
2023,Monaco,R,ALO,34.0,79.297,HARD,1.0
2023,Monaco,R,ALO,35.0,78.634,HARD,1.0
2023,Monaco,R,ALO,36.0,77.876,HARD,1.0
2023,Monaco,R,ALO,37.0,77.974,HARD,1.0
2023,Monaco,R,ALO,38.0,77.141,HARD,1.0
2023,Monaco,R,ALO,39.0,77.705,HARD,1.0
2023,Monaco,R,ALO,40.0,77.63,HARD,1.0
2023,Monaco,R,ALO,41.0,77.016,HARD,1.0
2023,Monaco,R,ALO,42.0,76.719,HARD,1.0
2023,Monaco,R,ALO,43.0,76.674,HARD,1.0
2023,Monaco,R,ALO,44.0,76.919,HARD,1.0
2023,Monaco,R,ALO,45.0,76.862,HARD,1.0
2023,Monaco,R,ALO,46.0,77.114,HARD,1.0
2023,Monaco,R,ALO,47.0,77.108,HARD,1.0
2023,Monaco,R,ALO,48.0,76.931,HARD,1.0
2023,Monaco,R,ALO,49.0,76.992,HARD,1.0
2023,Monaco,R,ALO,50.0,77.408,HARD,1.0
2023,Monaco,R,ALO,51.0,79.991,HARD,1.0
2023,Monaco,R,ALO,52.0,84.967,HARD,1.0
2023,Monaco,R,ALO,53.0,90.862,HARD,1.0
2023,Monaco,R,ALO,54.0,110.311,HARD,1.0
2023,Monaco,R,ALO,55.0,126.635,MEDIUM,2.0
2023,Monaco,R,ALO,56.0,108.531,INTERMEDIATE,3.0
2023,Monaco,R,ALO,57.0,102.581,INTERMEDIATE,3.0
2023,Monaco,R,ALO,58.0,101.267,INTERMEDIATE,3.0
2023,Monaco,R,ALO,59.0,100.897,INTERMEDIATE,3.0
2023,Monaco,R,ALO,60.0,100.638,INTERMEDIATE,3.0
2023,Monaco,R,ALO,61.0,102.727,INTERMEDIATE,3.0
2023,Monaco,R,ALO,62.0,100.467,INTERMEDIATE,3.0
2023,Monaco,R,ALO,63.0,99.671,INTERMEDIATE,3.0
2023,Monaco,R,ALO,64.0,98.135,INTERMEDIATE,3.0
2023,Monaco,R,ALO,65.0,97.64,INTERMEDIATE,3.0
2023,Monaco,R,ALO,66.0,96.332,INTERMEDIATE,3.0
2023,Monaco,R,ALO,67.0,93.205,INTERMEDIATE,3.0
2023,Monaco,R,ALO,68.0,92.841,INTERMEDIATE,3.0
2023,Monaco,R,ALO,69.0,93.864,INTERMEDIATE,3.0
2023,Monaco,R,ALO,70.0,91.23,INTERMEDIATE,3.0
2023,Monaco,R,ALO,71.0,91.057,INTERMEDIATE,3.0
2023,Monaco,R,ALO,72.0,89.419,INTERMEDIATE,3.0
2023,Monaco,R,ALO,73.0,90.346,INTERMEDIATE,3.0
2023,Monaco,R,ALO,74.0,87.245,INTERMEDIATE,3.0
2023,Monaco,R,ALO,75.0,85.7,INTERMEDIATE,3.0
2023,Monaco,R,ALO,76.0,86.931,INTERMEDIATE,3.0
2023,Monaco,R,ALO,77.0,84.701,INTERMEDIATE,3.0
2023,Monaco,R,ALO,78.0,85.668,INTERMEDIATE,3.0
2023,Monaco,R,LEC,1.0,89.108,HARD,1.0
2023,Monaco,R,LEC,2.0,80.549,HARD,1.0
2023,Monaco,R,LEC,3.0,80.021,HARD,1.0
2023,Monaco,R,LEC,4.0,79.468,HARD,1.0
2023,Monaco,R,LEC,5.0,78.837,HARD,1.0
2023,Monaco,R,LEC,6.0,78.829,HARD,1.0
2023,Monaco,R,LEC,7.0,78.645,HARD,1.0
2023,Monaco,R,LEC,8.0,79.165,HARD,1.0
2023,Monaco,R,LEC,9.0,78.809,HARD,1.0
2023,Monaco,R,LEC,10.0,78.219,HARD,1.0
2023,Monaco,R,LEC,11.0,78.162,HARD,1.0
2023,Monaco,R,LEC,12.0,78.15,HARD,1.0
2023,Monaco,R,LEC,13.0,78.018,HARD,1.0
2023,Monaco,R,LEC,14.0,78.394,HARD,1.0
2023,Monaco,R,LEC,15.0,78.312,HARD,1.0
2023,Monaco,R,LEC,16.0,78.316,HARD,1.0
2023,Monaco,R,LEC,17.0,78.234,HARD,1.0
2023,Monaco,R,LEC,18.0,78.361,HARD,1.0
2023,Monaco,R,LEC,19.0,78.19,HARD,1.0
2023,Monaco,R,LEC,20.0,78.365,HARD,1.0
2023,Monaco,R,LEC,21.0,78.127,HARD,1.0
2023,Monaco,R,LEC,22.0,77.886,HARD,1.0
2023,Monaco,R,LEC,23.0,77.922,HARD,1.0
2023,Monaco,R,LEC,24.0,77.586,HARD,1.0
2023,Monaco,R,LEC,25.0,77.619,HARD,1.0
2023,Monaco,R,LEC,26.0,77.879,HARD,1.0
2023,Monaco,R,LEC,27.0,77.602,HARD,1.0
2023,Monaco,R,LEC,28.0,77.48,HARD,1.0
2023,Monaco,R,LEC,29.0,77.065,HARD,1.0
2023,Monaco,R,LEC,30.0,77.559,HARD,1.0
2023,Monaco,R,LEC,31.0,77.876,HARD,1.0
2023,Monaco,R,LEC,32.0,77.282,HARD,1.0
2023,Monaco,R,LEC,33.0,77.163,HARD,1.0
2023,Monaco,R,LEC,34.0,77.461,HARD,1.0
2023,Monaco,R,LEC,35.0,77.467,HARD,1.0
2023,Monaco,R,LEC,36.0,77.491,HARD,1.0
2023,Monaco,R,LEC,37.0,77.361,HARD,1.0
2023,Monaco,R,LEC,38.0,77.483,HARD,1.0
2023,Monaco,R,LEC,39.0,77.213,HARD,1.0
2023,Monaco,R,LEC,40.0,77.237,HARD,1.0
2023,Monaco,R,LEC,41.0,78.328,HARD,1.0
2023,Monaco,R,LEC,42.0,77.801,HARD,1.0
2023,Monaco,R,LEC,43.0,78.451,HARD,1.0
2023,Monaco,R,LEC,44.0,95.442,HARD,1.0
2023,Monaco,R,LEC,45.0,79.563,MEDIUM,2.0
2023,Monaco,R,LEC,46.0,75.773,MEDIUM,2.0
2023,Monaco,R,LEC,47.0,76.358,MEDIUM,2.0
2023,Monaco,R,LEC,48.0,76.971,MEDIUM,2.0
2023,Monaco,R,LEC,49.0,76.283,MEDIUM,2.0
2023,Monaco,R,LEC,50.0,75.956,MEDIUM,2.0
2023,Monaco,R,LEC,51.0,77.017,MEDIUM,2.0
2023,Monaco,R,LEC,52.0,83.243,MEDIUM,2.0
2023,Monaco,R,LEC,53.0,93.259,MEDIUM,2.0
2023,Monaco,R,LEC,54.0,95.725,MEDIUM,2.0
2023,Monaco,R,LEC,55.0,129.246,MEDIUM,2.0
2023,Monaco,R,LEC,56.0,103.008,INTERMEDIATE,3.0
2023,Monaco,R,LEC,57.0,103.373,INTERMEDIATE,3.0
2023,Monaco,R,LEC,58.0,103.473,INTERMEDIATE,3.0
2023,Monaco,R,LEC,59.0,102.305,INTERMEDIATE,3.0
2023,Monaco,R,LEC,60.0,102.852,INTERMEDIATE,3.0
2023,Monaco,R,LEC,61.0,102.262,INTERMEDIATE,3.0
2023,Monaco,R,LEC,62.0,101.144,INTERMEDIATE,3.0
2023,Monaco,R,LEC,63.0,100.396,INTERMEDIATE,3.0
2023,Monaco,R,LEC,64.0,99.223,INTERMEDIATE,3.0
2023,Monaco,R,LEC,65.0,98.481,INTERMEDIATE,3.0
2023,Monaco,R,LEC,66.0,95.05,INTERMEDIATE,3.0
2023,Monaco,R,LEC,67.0,94.515,INTERMEDIATE,3.0
2023,Monaco,R,LEC,68.0,93.903,INTERMEDIATE,3.0
2023,Monaco,R,LEC,69.0,95.087,INTERMEDIATE,3.0
2023,Monaco,R,LEC,70.0,92.309,INTERMEDIATE,3.0
2023,Monaco,R,LEC,71.0,90.198,INTERMEDIATE,3.0
2023,Monaco,R,LEC,72.0,88.677,INTERMEDIATE,3.0
2023,Monaco,R,LEC,73.0,89.177,INTERMEDIATE,3.0
2023,Monaco,R,LEC,74.0,87.848,INTERMEDIATE,3.0
2023,Monaco,R,LEC,75.0,86.923,INTERMEDIATE,3.0
2023,Monaco,R,LEC,76.0,86.435,INTERMEDIATE,3.0
2023,Monaco,R,LEC,77.0,85.965,INTERMEDIATE,3.0
2023,Monaco,R,LEC,78.0,86.939,INTERMEDIATE,3.0
2023,Monaco,R,STR,1.0,99.562,HARD,1.0
2023,Monaco,R,STR,2.0,79.989,HARD,1.0
2023,Monaco,R,STR,3.0,79.928,HARD,1.0
2023,Monaco,R,STR,4.0,79.998,HARD,1.0
2023,Monaco,R,STR,5.0,80.438,HARD,1.0
2023,Monaco,R,STR,6.0,79.785,HARD,1.0
2023,Monaco,R,STR,7.0,79.417,HARD,1.0
2023,Monaco,R,STR,8.0,78.733,HARD,1.0
2023,Monaco,R,STR,9.0,78.659,HARD,1.0
2023,Monaco,R,STR,10.0,79.893,HARD,1.0
2023,Monaco,R,STR,11.0,79.758,HARD,1.0
2023,Monaco,R,STR,12.0,80.639,HARD,1.0
2023,Monaco,R,STR,13.0,80.847,HARD,1.0
2023,Monaco,R,STR,14.0,80.295,HARD,1.0
2023,Monaco,R,STR,15.0,80.203,HARD,1.0
2023,Monaco,R,STR,16.0,80.545,HARD,1.0
2023,Monaco,R,STR,17.0,81.17,HARD,1.0
2023,Monaco,R,STR,18.0,77.769,HARD,1.0
2023,Monaco,R,STR,19.0,77.915,HARD,1.0
2023,Monaco,R,STR,20.0,78.061,HARD,1.0
2023,Monaco,R,STR,21.0,78.594,HARD,1.0
2023,Monaco,R,STR,22.0,78.548,HARD,1.0
2023,Monaco,R,STR,23.0,78.927,HARD,1.0
2023,Monaco,R,STR,24.0,78.439,HARD,1.0
2023,Monaco,R,STR,25.0,79.058,HARD,1.0
2023,Monaco,R,STR,26.0,78.926,HARD,1.0
2023,Monaco,R,STR,27.0,79.772,HARD,1.0
2023,Monaco,R,STR,28.0,79.86,HARD,1.0
2023,Monaco,R,STR,29.0,79.831,HARD,1.0
2023,Monaco,R,STR,30.0,79.86,HARD,1.0
2023,Monaco,R,STR,31.0,81.753,HARD,1.0
2023,Monaco,R,STR,32.0,79.387,HARD,1.0
2023,Monaco,R,STR,33.0,80.446,HARD,1.0
2023,Monaco,R,STR,34.0,78.583,HARD,1.0
2023,Monaco,R,STR,35.0,81.072,HARD,1.0
2023,Monaco,R,STR,36.0,79.544,HARD,1.0
2023,Monaco,R,STR,37.0,78.76,HARD,1.0
2023,Monaco,R,STR,38.0,78.424,HARD,1.0
2023,Monaco,R,STR,39.0,78.498,HARD,1.0
2023,Monaco,R,STR,40.0,78.498,HARD,1.0
2023,Monaco,R,STR,41.0,78.574,HARD,1.0
2023,Monaco,R,STR,42.0,78.732,HARD,1.0
2023,Monaco,R,STR,43.0,78.898,HARD,1.0
2023,Monaco,R,STR,44.0,78.533,HARD,1.0
2023,Monaco,R,STR,45.0,78.374,HARD,1.0
2023,Monaco,R,STR,46.0,78.723,HARD,1.0
2023,Monaco,R,STR,47.0,79.033,HARD,1.0
2023,Monaco,R,STR,48.0,78.573,HARD,1.0
2023,Monaco,R,STR,49.0,78.418,HARD,1.0
2023,Monaco,R,STR,50.0,80.218,HARD,1.0
2023,Monaco,R,STR,51.0,104.501,HARD,1.0
2023,Monaco,R,STR,52.0,92.189,INTERMEDIATE,2.0
2023,Monaco,R,STR,53.0,96.321,INTERMEDIATE,2.0
2023,Monaco,R,STR,54.0,,INTERMEDIATE,2.0
2023,Monaco,R,SAR,1.0,97.689,MEDIUM,1.0
2023,Monaco,R,SAR,2.0,79.658,MEDIUM,1.0
2023,Monaco,R,SAR,3.0,80.219,MEDIUM,1.0
2023,Monaco,R,SAR,4.0,80.246,MEDIUM,1.0
2023,Monaco,R,SAR,5.0,80.214,MEDIUM,1.0
2023,Monaco,R,SAR,6.0,79.312,MEDIUM,1.0
2023,Monaco,R,SAR,7.0,79.239,MEDIUM,1.0
2023,Monaco,R,SAR,8.0,78.947,MEDIUM,1.0
2023,Monaco,R,SAR,9.0,79.529,MEDIUM,1.0
2023,Monaco,R,SAR,10.0,80.334,MEDIUM,1.0
2023,Monaco,R,SAR,11.0,80.089,MEDIUM,1.0
2023,Monaco,R,SAR,12.0,80.638,MEDIUM,1.0
2023,Monaco,R,SAR,13.0,80.702,MEDIUM,1.0
2023,Monaco,R,SAR,14.0,80.318,MEDIUM,1.0
2023,Monaco,R,SAR,15.0,80.28,MEDIUM,1.0
2023,Monaco,R,SAR,16.0,80.471,MEDIUM,1.0
2023,Monaco,R,SAR,17.0,83.236,MEDIUM,1.0
2023,Monaco,R,SAR,18.0,81.41,MEDIUM,1.0
2023,Monaco,R,SAR,19.0,82.328,MEDIUM,1.0
2023,Monaco,R,SAR,20.0,97.211,MEDIUM,1.0
2023,Monaco,R,SAR,21.0,81.646,HARD,2.0
2023,Monaco,R,SAR,22.0,77.483,HARD,2.0
2023,Monaco,R,SAR,23.0,98.195,HARD,2.0
2023,Monaco,R,SAR,24.0,80.682,SOFT,3.0
2023,Monaco,R,SAR,25.0,77.894,SOFT,3.0
2023,Monaco,R,SAR,26.0,78.033,SOFT,3.0
2023,Monaco,R,SAR,27.0,77.875,SOFT,3.0
2023,Monaco,R,SAR,28.0,77.74,SOFT,3.0
2023,Monaco,R,SAR,29.0,77.753,SOFT,3.0
2023,Monaco,R,SAR,30.0,77.535,SOFT,3.0
2023,Monaco,R,SAR,31.0,77.493,SOFT,3.0
2023,Monaco,R,SAR,32.0,77.302,SOFT,3.0
2023,Monaco,R,SAR,33.0,77.344,SOFT,3.0
2023,Monaco,R,SAR,34.0,77.666,SOFT,3.0
2023,Monaco,R,SAR,35.0,78.638,SOFT,3.0
2023,Monaco,R,SAR,36.0,77.372,SOFT,3.0
2023,Monaco,R,SAR,37.0,77.383,SOFT,3.0
2023,Monaco,R,SAR,38.0,80.017,SOFT,3.0
2023,Monaco,R,SAR,39.0,81.035,SOFT,3.0
2023,Monaco,R,SAR,40.0,79.469,SOFT,3.0
2023,Monaco,R,SAR,41.0,78.519,SOFT,3.0
2023,Monaco,R,SAR,42.0,78.625,SOFT,3.0
2023,Monaco,R,SAR,43.0,78.773,SOFT,3.0
2023,Monaco,R,SAR,44.0,82.125,SOFT,3.0
2023,Monaco,R,SAR,45.0,79.618,SOFT,3.0
2023,Monaco,R,SAR,46.0,79.028,SOFT,3.0
2023,Monaco,R,SAR,47.0,78.91,SOFT,3.0
2023,Monaco,R,SAR,48.0,79.212,SOFT,3.0
2023,Monaco,R,SAR,49.0,82.128,SOFT,3.0
2023,Monaco,R,SAR,50.0,83.12,SOFT,3.0
2023,Monaco,R,SAR,51.0,92.385,SOFT,3.0
2023,Monaco,R,SAR,52.0,117.918,SOFT,3.0
2023,Monaco,R,SAR,53.0,102.041,INTERMEDIATE,4.0
2023,Monaco,R,SAR,54.0,98.806,INTERMEDIATE,4.0
2023,Monaco,R,SAR,55.0,101.078,INTERMEDIATE,4.0
2023,Monaco,R,SAR,56.0,102.285,INTERMEDIATE,4.0
2023,Monaco,R,SAR,57.0,118.063,INTERMEDIATE,4.0
2023,Monaco,R,SAR,58.0,102.599,INTERMEDIATE,4.0
2023,Monaco,R,SAR,59.0,103.687,INTERMEDIATE,4.0
2023,Monaco,R,SAR,60.0,102.558,INTERMEDIATE,4.0
2023,Monaco,R,SAR,61.0,100.969,INTERMEDIATE,4.0
2023,Monaco,R,SAR,62.0,99.586,INTERMEDIATE,4.0
2023,Monaco,R,SAR,63.0,103.289,INTERMEDIATE,4.0
2023,Monaco,R,SAR,64.0,98.302,INTERMEDIATE,4.0
2023,Monaco,R,SAR,65.0,98.073,INTERMEDIATE,4.0
2023,Monaco,R,SAR,66.0,96.293,INTERMEDIATE,4.0
2023,Monaco,R,SAR,67.0,99.467,INTERMEDIATE,4.0
2023,Monaco,R,SAR,68.0,91.921,INTERMEDIATE,4.0
2023,Monaco,R,SAR,69.0,93.193,INTERMEDIATE,4.0
2023,Monaco,R,SAR,70.0,118.263,INTERMEDIATE,4.0
2023,Monaco,R,SAR,71.0,89.015,INTERMEDIATE,4.0
2023,Monaco,R,SAR,72.0,92.354,INTERMEDIATE,4.0
2023,Monaco,R,SAR,73.0,87.137,INTERMEDIATE,4.0
2023,Monaco,R,SAR,74.0,87.954,INTERMEDIATE,4.0
2023,Monaco,R,SAR,75.0,87.968,INTERMEDIATE,4.0
2023,Monaco,R,SAR,76.0,89.076,INTERMEDIATE,4.0
2023,Monaco,R,MAG,1.0,98.425,HARD,1.0
2023,Monaco,R,MAG,2.0,80.175,HARD,1.0
2023,Monaco,R,MAG,3.0,79.929,HARD,1.0
2023,Monaco,R,MAG,4.0,80.407,HARD,1.0
2023,Monaco,R,MAG,5.0,80.224,HARD,1.0
2023,Monaco,R,MAG,6.0,79.352,HARD,1.0
2023,Monaco,R,MAG,7.0,79.512,HARD,1.0
2023,Monaco,R,MAG,8.0,79.052,HARD,1.0
2023,Monaco,R,MAG,9.0,78.914,HARD,1.0
2023,Monaco,R,MAG,10.0,79.929,HARD,1.0
2023,Monaco,R,MAG,11.0,79.824,HARD,1.0
2023,Monaco,R,MAG,12.0,80.487,HARD,1.0
2023,Monaco,R,MAG,13.0,80.886,HARD,1.0
2023,Monaco,R,MAG,14.0,80.328,HARD,1.0
2023,Monaco,R,MAG,15.0,80.287,HARD,1.0
2023,Monaco,R,MAG,16.0,80.464,HARD,1.0
2023,Monaco,R,MAG,17.0,79.206,HARD,1.0
2023,Monaco,R,MAG,18.0,78.727,HARD,1.0
2023,Monaco,R,MAG,19.0,78.445,HARD,1.0
2023,Monaco,R,MAG,20.0,78.354,HARD,1.0
2023,Monaco,R,MAG,21.0,78.8,HARD,1.0
2023,Monaco,R,MAG,22.0,78.767,HARD,1.0
2023,Monaco,R,MAG,23.0,78.926,HARD,1.0
2023,Monaco,R,MAG,24.0,78.497,HARD,1.0
2023,Monaco,R,MAG,25.0,78.694,HARD,1.0
2023,Monaco,R,MAG,26.0,79.023,HARD,1.0
2023,Monaco,R,MAG,27.0,79.849,HARD,1.0
2023,Monaco,R,MAG,28.0,79.768,HARD,1.0
2023,Monaco,R,MAG,29.0,79.91,HARD,1.0
2023,Monaco,R,MAG,30.0,79.753,HARD,1.0
2023,Monaco,R,MAG,31.0,79.276,HARD,1.0
2023,Monaco,R,MAG,32.0,81.543,HARD,1.0
2023,Monaco,R,MAG,33.0,80.882,HARD,1.0
2023,Monaco,R,MAG,34.0,78.747,HARD,1.0
2023,Monaco,R,MAG,35.0,79.274,HARD,1.0
2023,Monaco,R,MAG,36.0,80.942,HARD,1.0
2023,Monaco,R,MAG,37.0,78.849,HARD,1.0
2023,Monaco,R,MAG,38.0,78.498,HARD,1.0
2023,Monaco,R,MAG,39.0,78.634,HARD,1.0
2023,Monaco,R,MAG,40.0,78.508,HARD,1.0
2023,Monaco,R,MAG,41.0,78.351,HARD,1.0
2023,Monaco,R,MAG,42.0,78.63,HARD,1.0
2023,Monaco,R,MAG,43.0,78.522,HARD,1.0
2023,Monaco,R,MAG,44.0,78.447,HARD,1.0
2023,Monaco,R,MAG,45.0,78.92,HARD,1.0
2023,Monaco,R,MAG,46.0,78.384,HARD,1.0
2023,Monaco,R,MAG,47.0,78.685,HARD,1.0
2023,Monaco,R,MAG,48.0,78.745,HARD,1.0
2023,Monaco,R,MAG,49.0,78.854,HARD,1.0
2023,Monaco,R,MAG,50.0,80.301,HARD,1.0
2023,Monaco,R,MAG,51.0,85.595,HARD,1.0
2023,Monaco,R,MAG,52.0,90.696,HARD,1.0
2023,Monaco,R,MAG,53.0,98.955,HARD,1.0
2023,Monaco,R,MAG,54.0,110.776,HARD,1.0
2023,Monaco,R,MAG,55.0,127.055,HARD,1.0
2023,Monaco,R,MAG,56.0,,HARD,1.0
2023,Monaco,R,MAG,57.0,108.018,WET,2.0
2023,Monaco,R,MAG,58.0,146.648,WET,2.0
2023,Monaco,R,MAG,59.0,103.755,WET,2.0
2023,Monaco,R,MAG,60.0,100.559,WET,2.0
2023,Monaco,R,MAG,61.0,101.219,WET,2.0
2023,Monaco,R,MAG,62.0,99.789,WET,2.0
2023,Monaco,R,MAG,63.0,100.016,WET,2.0
2023,Monaco,R,MAG,64.0,99.995,WET,2.0
2023,Monaco,R,MAG,65.0,100.703,WET,2.0
2023,Monaco,R,MAG,66.0,97.778,WET,2.0
2023,Monaco,R,MAG,67.0,100.088,WET,2.0
2023,Monaco,R,MAG,68.0,103.925,WET,2.0
2023,Monaco,R,MAG,69.0,99.407,WET,2.0
2023,Monaco,R,MAG,70.0,101.853,WET,2.0
2023,Monaco,R,MAG,71.0,,WET,2.0
2023,Monaco,R,DEV,1.0,93.449,MEDIUM,1.0
2023,Monaco,R,DEV,2.0,81.764,MEDIUM,1.0
2023,Monaco,R,DEV,3.0,80.58,MEDIUM,1.0
2023,Monaco,R,DEV,4.0,80.376,MEDIUM,1.0
2023,Monaco,R,DEV,5.0,79.79,MEDIUM,1.0
2023,Monaco,R,DEV,6.0,79.224,MEDIUM,1.0
2023,Monaco,R,DEV,7.0,79.038,MEDIUM,1.0
2023,Monaco,R,DEV,8.0,78.743,MEDIUM,1.0
2023,Monaco,R,DEV,9.0,79.454,MEDIUM,1.0
2023,Monaco,R,DEV,10.0,78.957,MEDIUM,1.0
2023,Monaco,R,DEV,11.0,79.07,MEDIUM,1.0
2023,Monaco,R,DEV,12.0,80.182,MEDIUM,1.0
2023,Monaco,R,DEV,13.0,79.419,MEDIUM,1.0
2023,Monaco,R,DEV,14.0,79.479,MEDIUM,1.0
2023,Monaco,R,DEV,15.0,79.081,MEDIUM,1.0
2023,Monaco,R,DEV,16.0,79.004,MEDIUM,1.0
2023,Monaco,R,DEV,17.0,79.182,MEDIUM,1.0
2023,Monaco,R,DEV,18.0,79.281,MEDIUM,1.0
2023,Monaco,R,DEV,19.0,79.234,MEDIUM,1.0
2023,Monaco,R,DEV,20.0,79.188,MEDIUM,1.0
2023,Monaco,R,DEV,21.0,79.398,MEDIUM,1.0
2023,Monaco,R,DEV,22.0,79.578,MEDIUM,1.0
2023,Monaco,R,DEV,23.0,79.699,MEDIUM,1.0
2023,Monaco,R,DEV,24.0,80.198,MEDIUM,1.0
2023,Monaco,R,DEV,25.0,80.132,MEDIUM,1.0
2023,Monaco,R,DEV,26.0,80.163,MEDIUM,1.0
2023,Monaco,R,DEV,27.0,80.154,MEDIUM,1.0
2023,Monaco,R,DEV,28.0,79.973,MEDIUM,1.0
2023,Monaco,R,DEV,29.0,80.009,MEDIUM,1.0
2023,Monaco,R,DEV,30.0,79.267,MEDIUM,1.0
2023,Monaco,R,DEV,31.0,79.067,MEDIUM,1.0
2023,Monaco,R,DEV,32.0,78.941,MEDIUM,1.0
2023,Monaco,R,DEV,33.0,79.071,MEDIUM,1.0
2023,Monaco,R,DEV,34.0,79.328,MEDIUM,1.0
2023,Monaco,R,DEV,35.0,80.911,MEDIUM,1.0
2023,Monaco,R,DEV,36.0,79.072,MEDIUM,1.0
2023,Monaco,R,DEV,37.0,79.096,MEDIUM,1.0
2023,Monaco,R,DEV,38.0,78.75,MEDIUM,1.0
2023,Monaco,R,DEV,39.0,80.38,MEDIUM,1.0
2023,Monaco,R,DEV,40.0,78.413,MEDIUM,1.0
2023,Monaco,R,DEV,41.0,78.207,MEDIUM,1.0
2023,Monaco,R,DEV,42.0,77.814,MEDIUM,1.0
2023,Monaco,R,DEV,43.0,77.561,MEDIUM,1.0
2023,Monaco,R,DEV,44.0,77.646,MEDIUM,1.0
2023,Monaco,R,DEV,45.0,77.746,MEDIUM,1.0
2023,Monaco,R,DEV,46.0,77.785,MEDIUM,1.0
2023,Monaco,R,DEV,47.0,77.579,MEDIUM,1.0
2023,Monaco,R,DEV,48.0,77.608,MEDIUM,1.0
2023,Monaco,R,DEV,49.0,78.016,MEDIUM,1.0
2023,Monaco,R,DEV,50.0,78.497,MEDIUM,1.0
2023,Monaco,R,DEV,51.0,84.546,MEDIUM,1.0
2023,Monaco,R,DEV,52.0,89.326,MEDIUM,1.0
2023,Monaco,R,DEV,53.0,118.795,MEDIUM,1.0
2023,Monaco,R,DEV,54.0,107.858,INTERMEDIATE,2.0
2023,Monaco,R,DEV,55.0,108.77,INTERMEDIATE,2.0
2023,Monaco,R,DEV,56.0,104.129,INTERMEDIATE,2.0
2023,Monaco,R,DEV,57.0,106.026,INTERMEDIATE,2.0
2023,Monaco,R,DEV,58.0,103.778,INTERMEDIATE,2.0
2023,Monaco,R,DEV,59.0,104.385,INTERMEDIATE,2.0
2023,Monaco,R,DEV,60.0,102.056,INTERMEDIATE,2.0
2023,Monaco,R,DEV,61.0,101.415,INTERMEDIATE,2.0
2023,Monaco,R,DEV,62.0,100.276,INTERMEDIATE,2.0
2023,Monaco,R,DEV,63.0,100.486,INTERMEDIATE,2.0
2023,Monaco,R,DEV,64.0,98.636,INTERMEDIATE,2.0
2023,Monaco,R,DEV,65.0,96.475,INTERMEDIATE,2.0
2023,Monaco,R,DEV,66.0,95.654,INTERMEDIATE,2.0
2023,Monaco,R,DEV,67.0,94.011,INTERMEDIATE,2.0
2023,Monaco,R,DEV,68.0,99.526,INTERMEDIATE,2.0
2023,Monaco,R,DEV,69.0,91.939,INTERMEDIATE,2.0
2023,Monaco,R,DEV,70.0,91.636,INTERMEDIATE,2.0
2023,Monaco,R,DEV,71.0,90.107,INTERMEDIATE,2.0
2023,Monaco,R,DEV,72.0,90.085,INTERMEDIATE,2.0
2023,Monaco,R,DEV,73.0,87.595,INTERMEDIATE,2.0
2023,Monaco,R,DEV,74.0,86.478,INTERMEDIATE,2.0
2023,Monaco,R,DEV,75.0,86.435,INTERMEDIATE,2.0
2023,Monaco,R,DEV,76.0,86.282,INTERMEDIATE,2.0
2023,Monaco,R,DEV,77.0,88.038,INTERMEDIATE,2.0
2023,Monaco,R,TSU,1.0,91.317,MEDIUM,1.0
2023,Monaco,R,TSU,2.0,81.288,MEDIUM,1.0
2023,Monaco,R,TSU,3.0,80.281,MEDIUM,1.0
2023,Monaco,R,TSU,4.0,80.032,MEDIUM,1.0
2023,Monaco,R,TSU,5.0,79.296,MEDIUM,1.0
2023,Monaco,R,TSU,6.0,78.73,MEDIUM,1.0
2023,Monaco,R,TSU,7.0,78.712,MEDIUM,1.0
2023,Monaco,R,TSU,8.0,78.951,MEDIUM,1.0
2023,Monaco,R,TSU,9.0,78.859,MEDIUM,1.0
2023,Monaco,R,TSU,10.0,78.697,MEDIUM,1.0
2023,Monaco,R,TSU,11.0,79.297,MEDIUM,1.0
2023,Monaco,R,TSU,12.0,79.627,MEDIUM,1.0
2023,Monaco,R,TSU,13.0,78.8,MEDIUM,1.0
2023,Monaco,R,TSU,14.0,78.481,MEDIUM,1.0
2023,Monaco,R,TSU,15.0,78.439,MEDIUM,1.0
2023,Monaco,R,TSU,16.0,78.246,MEDIUM,1.0
2023,Monaco,R,TSU,17.0,78.368,MEDIUM,1.0
2023,Monaco,R,TSU,18.0,79.026,MEDIUM,1.0
2023,Monaco,R,TSU,19.0,78.567,MEDIUM,1.0
2023,Monaco,R,TSU,20.0,79.131,MEDIUM,1.0
2023,Monaco,R,TSU,21.0,79.26,MEDIUM,1.0
2023,Monaco,R,TSU,22.0,79.152,MEDIUM,1.0
2023,Monaco,R,TSU,23.0,79.239,MEDIUM,1.0
2023,Monaco,R,TSU,24.0,79.314,MEDIUM,1.0
2023,Monaco,R,TSU,25.0,79.335,MEDIUM,1.0
2023,Monaco,R,TSU,26.0,79.272,MEDIUM,1.0
2023,Monaco,R,TSU,27.0,78.465,MEDIUM,1.0
2023,Monaco,R,TSU,28.0,78.369,MEDIUM,1.0
2023,Monaco,R,TSU,29.0,78.2,MEDIUM,1.0
2023,Monaco,R,TSU,30.0,78.335,MEDIUM,1.0
2023,Monaco,R,TSU,31.0,78.463,MEDIUM,1.0
2023,Monaco,R,TSU,32.0,78.519,MEDIUM,1.0
2023,Monaco,R,TSU,33.0,78.457,MEDIUM,1.0
2023,Monaco,R,TSU,34.0,78.039,MEDIUM,1.0
2023,Monaco,R,TSU,35.0,77.75,MEDIUM,1.0
2023,Monaco,R,TSU,36.0,77.68,MEDIUM,1.0
2023,Monaco,R,TSU,37.0,77.992,MEDIUM,1.0
2023,Monaco,R,TSU,38.0,78.195,MEDIUM,1.0
2023,Monaco,R,TSU,39.0,78.338,MEDIUM,1.0
2023,Monaco,R,TSU,40.0,78.328,MEDIUM,1.0
2023,Monaco,R,TSU,41.0,78.074,MEDIUM,1.0
2023,Monaco,R,TSU,42.0,78.189,MEDIUM,1.0
2023,Monaco,R,TSU,43.0,78.046,MEDIUM,1.0
2023,Monaco,R,TSU,44.0,78.0,MEDIUM,1.0
2023,Monaco,R,TSU,45.0,77.879,MEDIUM,1.0
2023,Monaco,R,TSU,46.0,77.956,MEDIUM,1.0
2023,Monaco,R,TSU,47.0,78.169,MEDIUM,1.0
2023,Monaco,R,TSU,48.0,78.098,MEDIUM,1.0
2023,Monaco,R,TSU,49.0,78.32,MEDIUM,1.0
2023,Monaco,R,TSU,50.0,78.64,MEDIUM,1.0
2023,Monaco,R,TSU,51.0,83.804,MEDIUM,1.0
2023,Monaco,R,TSU,52.0,92.268,MEDIUM,1.0
2023,Monaco,R,TSU,53.0,125.687,MEDIUM,1.0
2023,Monaco,R,TSU,54.0,101.01,INTERMEDIATE,2.0
2023,Monaco,R,TSU,55.0,101.834,INTERMEDIATE,2.0
2023,Monaco,R,TSU,56.0,102.479,INTERMEDIATE,2.0
2023,Monaco,R,TSU,57.0,102.945,INTERMEDIATE,2.0
2023,Monaco,R,TSU,58.0,105.898,INTERMEDIATE,2.0
2023,Monaco,R,TSU,59.0,102.608,INTERMEDIATE,2.0
2023,Monaco,R,TSU,60.0,103.593,INTERMEDIATE,2.0
2023,Monaco,R,TSU,61.0,102.234,INTERMEDIATE,2.0
2023,Monaco,R,TSU,62.0,100.84,INTERMEDIATE,2.0
2023,Monaco,R,TSU,63.0,99.932,INTERMEDIATE,2.0
2023,Monaco,R,TSU,64.0,103.104,INTERMEDIATE,2.0
2023,Monaco,R,TSU,65.0,98.497,INTERMEDIATE,2.0
2023,Monaco,R,TSU,66.0,97.427,INTERMEDIATE,2.0
2023,Monaco,R,TSU,67.0,97.623,INTERMEDIATE,2.0
2023,Monaco,R,TSU,68.0,137.012,INTERMEDIATE,2.0
2023,Monaco,R,TSU,69.0,100.44,INTERMEDIATE,2.0
2023,Monaco,R,TSU,70.0,93.923,INTERMEDIATE,2.0
2023,Monaco,R,TSU,71.0,91.757,INTERMEDIATE,2.0
2023,Monaco,R,TSU,72.0,89.958,INTERMEDIATE,2.0
2023,Monaco,R,TSU,73.0,88.138,INTERMEDIATE,2.0
2023,Monaco,R,TSU,74.0,88.759,INTERMEDIATE,2.0
2023,Monaco,R,TSU,75.0,87.332,INTERMEDIATE,2.0
2023,Monaco,R,TSU,76.0,94.205,INTERMEDIATE,2.0
2023,Monaco,R,ALB,1.0,94.616,MEDIUM,1.0
2023,Monaco,R,ALB,2.0,80.977,MEDIUM,1.0
2023,Monaco,R,ALB,3.0,80.703,MEDIUM,1.0
2023,Monaco,R,ALB,4.0,80.276,MEDIUM,1.0
2023,Monaco,R,ALB,5.0,79.967,MEDIUM,1.0
2023,Monaco,R,ALB,6.0,79.165,MEDIUM,1.0
2023,Monaco,R,ALB,7.0,79.055,MEDIUM,1.0
2023,Monaco,R,ALB,8.0,78.796,MEDIUM,1.0
2023,Monaco,R,ALB,9.0,79.293,MEDIUM,1.0
2023,Monaco,R,ALB,10.0,79.338,MEDIUM,1.0
2023,Monaco,R,ALB,11.0,79.278,MEDIUM,1.0
2023,Monaco,R,ALB,12.0,80.31,MEDIUM,1.0
2023,Monaco,R,ALB,13.0,79.885,MEDIUM,1.0
2023,Monaco,R,ALB,14.0,80.259,MEDIUM,1.0
2023,Monaco,R,ALB,15.0,80.892,MEDIUM,1.0
2023,Monaco,R,ALB,16.0,80.443,MEDIUM,1.0
2023,Monaco,R,ALB,17.0,80.624,MEDIUM,1.0
2023,Monaco,R,ALB,18.0,98.414,MEDIUM,1.0
2023,Monaco,R,ALB,19.0,83.193,HARD,2.0
2023,Monaco,R,ALB,20.0,78.47,HARD,2.0
2023,Monaco,R,ALB,21.0,77.131,HARD,2.0
2023,Monaco,R,ALB,22.0,77.105,HARD,2.0
2023,Monaco,R,ALB,23.0,77.064,HARD,2.0
2023,Monaco,R,ALB,24.0,76.672,HARD,2.0
2023,Monaco,R,ALB,25.0,76.793,HARD,2.0
2023,Monaco,R,ALB,26.0,76.962,HARD,2.0
2023,Monaco,R,ALB,27.0,77.36,HARD,2.0
2023,Monaco,R,ALB,28.0,78.528,HARD,2.0
2023,Monaco,R,ALB,29.0,78.952,HARD,2.0
2023,Monaco,R,ALB,30.0,79.457,HARD,2.0
2023,Monaco,R,ALB,31.0,79.152,HARD,2.0
2023,Monaco,R,ALB,32.0,79.589,HARD,2.0
2023,Monaco,R,ALB,33.0,81.559,HARD,2.0
2023,Monaco,R,ALB,34.0,80.731,HARD,2.0
2023,Monaco,R,ALB,35.0,78.619,HARD,2.0
2023,Monaco,R,ALB,36.0,78.804,HARD,2.0
2023,Monaco,R,ALB,37.0,79.143,HARD,2.0
2023,Monaco,R,ALB,38.0,78.633,HARD,2.0
2023,Monaco,R,ALB,39.0,78.774,HARD,2.0
2023,Monaco,R,ALB,40.0,78.476,HARD,2.0
2023,Monaco,R,ALB,41.0,78.825,HARD,2.0
2023,Monaco,R,ALB,42.0,78.93,HARD,2.0
2023,Monaco,R,ALB,43.0,78.486,HARD,2.0
2023,Monaco,R,ALB,44.0,78.767,HARD,2.0
2023,Monaco,R,ALB,45.0,78.829,HARD,2.0
2023,Monaco,R,ALB,46.0,78.9,HARD,2.0
2023,Monaco,R,ALB,47.0,78.528,HARD,2.0
2023,Monaco,R,ALB,48.0,78.882,HARD,2.0
2023,Monaco,R,ALB,49.0,80.597,HARD,2.0
2023,Monaco,R,ALB,50.0,80.166,HARD,2.0
2023,Monaco,R,ALB,51.0,89.941,HARD,2.0
2023,Monaco,R,ALB,52.0,115.852,HARD,2.0
2023,Monaco,R,ALB,53.0,96.281,INTERMEDIATE,3.0
2023,Monaco,R,ALB,54.0,98.297,INTERMEDIATE,3.0
2023,Monaco,R,ALB,55.0,105.721,INTERMEDIATE,3.0
2023,Monaco,R,ALB,56.0,104.909,INTERMEDIATE,3.0
2023,Monaco,R,ALB,57.0,102.2,INTERMEDIATE,3.0
2023,Monaco,R,ALB,58.0,106.101,INTERMEDIATE,3.0
2023,Monaco,R,ALB,59.0,103.133,INTERMEDIATE,3.0
2023,Monaco,R,ALB,60.0,115.401,INTERMEDIATE,3.0
2023,Monaco,R,ALB,61.0,101.209,INTERMEDIATE,3.0
2023,Monaco,R,ALB,62.0,99.897,INTERMEDIATE,3.0
2023,Monaco,R,ALB,63.0,98.649,INTERMEDIATE,3.0
2023,Monaco,R,ALB,64.0,97.428,INTERMEDIATE,3.0
2023,Monaco,R,ALB,65.0,95.42,INTERMEDIATE,3.0
2023,Monaco,R,ALB,66.0,94.016,INTERMEDIATE,3.0
2023,Monaco,R,ALB,67.0,93.223,INTERMEDIATE,3.0
2023,Monaco,R,ALB,68.0,93.322,INTERMEDIATE,3.0
2023,Monaco,R,ALB,69.0,94.087,INTERMEDIATE,3.0
2023,Monaco,R,ALB,70.0,90.63,INTERMEDIATE,3.0
2023,Monaco,R,ALB,71.0,89.729,INTERMEDIATE,3.0
2023,Monaco,R,ALB,72.0,89.217,INTERMEDIATE,3.0
2023,Monaco,R,ALB,73.0,92.141,INTERMEDIATE,3.0
2023,Monaco,R,ALB,74.0,88.241,INTERMEDIATE,3.0
2023,Monaco,R,ALB,75.0,87.197,INTERMEDIATE,3.0
2023,Monaco,R,ALB,76.0,86.764,INTERMEDIATE,3.0
2023,Monaco,R,ALB,77.0,87.816,INTERMEDIATE,3.0
2023,Monaco,R,ZHO,1.0,118.785,SOFT,1.0
2023,Monaco,R,ZHO,2.0,80.757,HARD,2.0
2023,Monaco,R,ZHO,3.0,77.003,HARD,2.0
2023,Monaco,R,ZHO,4.0,76.946,HARD,2.0
2023,Monaco,R,ZHO,5.0,76.926,HARD,2.0
2023,Monaco,R,ZHO,6.0,77.205,HARD,2.0
2023,Monaco,R,ZHO,7.0,77.408,HARD,2.0
2023,Monaco,R,ZHO,8.0,77.254,HARD,2.0
2023,Monaco,R,ZHO,9.0,77.523,HARD,2.0
2023,Monaco,R,ZHO,10.0,78.449,HARD,2.0
2023,Monaco,R,ZHO,11.0,79.602,HARD,2.0
2023,Monaco,R,ZHO,12.0,80.319,HARD,2.0
2023,Monaco,R,ZHO,13.0,80.561,HARD,2.0
2023,Monaco,R,ZHO,14.0,80.653,HARD,2.0
2023,Monaco,R,ZHO,15.0,80.398,HARD,2.0
2023,Monaco,R,ZHO,16.0,80.727,HARD,2.0
2023,Monaco,R,ZHO,17.0,80.669,HARD,2.0
2023,Monaco,R,ZHO,18.0,81.524,HARD,2.0
2023,Monaco,R,ZHO,19.0,82.387,HARD,2.0
2023,Monaco,R,ZHO,20.0,80.574,HARD,2.0
2023,Monaco,R,ZHO,21.0,78.245,HARD,2.0
2023,Monaco,R,ZHO,22.0,77.588,HARD,2.0
2023,Monaco,R,ZHO,23.0,77.45,HARD,2.0
2023,Monaco,R,ZHO,24.0,77.465,HARD,2.0
2023,Monaco,R,ZHO,25.0,77.771,HARD,2.0
2023,Monaco,R,ZHO,26.0,78.161,HARD,2.0
2023,Monaco,R,ZHO,27.0,78.097,HARD,2.0
2023,Monaco,R,ZHO,28.0,80.78,HARD,2.0
2023,Monaco,R,ZHO,29.0,78.863,HARD,2.0
2023,Monaco,R,ZHO,30.0,79.5,HARD,2.0
2023,Monaco,R,ZHO,31.0,79.192,HARD,2.0
2023,Monaco,R,ZHO,32.0,79.626,HARD,2.0
2023,Monaco,R,ZHO,33.0,81.602,HARD,2.0
2023,Monaco,R,ZHO,34.0,80.587,HARD,2.0
2023,Monaco,R,ZHO,35.0,78.586,HARD,2.0
2023,Monaco,R,ZHO,36.0,78.846,HARD,2.0
2023,Monaco,R,ZHO,37.0,79.099,HARD,2.0
2023,Monaco,R,ZHO,38.0,78.681,HARD,2.0
2023,Monaco,R,ZHO,39.0,78.659,HARD,2.0
2023,Monaco,R,ZHO,40.0,78.607,HARD,2.0
2023,Monaco,R,ZHO,41.0,78.831,HARD,2.0
2023,Monaco,R,ZHO,42.0,78.666,HARD,2.0
2023,Monaco,R,ZHO,43.0,78.701,HARD,2.0
2023,Monaco,R,ZHO,44.0,78.721,HARD,2.0
2023,Monaco,R,ZHO,45.0,78.762,HARD,2.0
2023,Monaco,R,ZHO,46.0,78.66,HARD,2.0
2023,Monaco,R,ZHO,47.0,78.809,HARD,2.0
2023,Monaco,R,ZHO,48.0,78.947,HARD,2.0
2023,Monaco,R,ZHO,49.0,79.065,HARD,2.0
2023,Monaco,R,ZHO,50.0,81.664,HARD,2.0
2023,Monaco,R,ZHO,51.0,90.253,HARD,2.0
2023,Monaco,R,ZHO,52.0,111.997,HARD,2.0
2023,Monaco,R,ZHO,53.0,96.935,INTERMEDIATE,3.0
2023,Monaco,R,ZHO,54.0,100.446,INTERMEDIATE,3.0
2023,Monaco,R,ZHO,55.0,106.545,INTERMEDIATE,3.0
2023,Monaco,R,ZHO,56.0,101.908,INTERMEDIATE,3.0
2023,Monaco,R,ZHO,57.0,104.702,INTERMEDIATE,3.0
2023,Monaco,R,ZHO,58.0,105.564,INTERMEDIATE,3.0
2023,Monaco,R,ZHO,59.0,103.592,INTERMEDIATE,3.0
2023,Monaco,R,ZHO,60.0,101.62,INTERMEDIATE,3.0
2023,Monaco,R,ZHO,61.0,101.501,INTERMEDIATE,3.0
2023,Monaco,R,ZHO,62.0,100.987,INTERMEDIATE,3.0
2023,Monaco,R,ZHO,63.0,100.738,INTERMEDIATE,3.0
2023,Monaco,R,ZHO,64.0,102.573,INTERMEDIATE,3.0
2023,Monaco,R,ZHO,65.0,99.444,INTERMEDIATE,3.0
2023,Monaco,R,ZHO,66.0,94.287,INTERMEDIATE,3.0
2023,Monaco,R,ZHO,67.0,93.464,INTERMEDIATE,3.0
2023,Monaco,R,ZHO,68.0,94.679,INTERMEDIATE,3.0
2023,Monaco,R,ZHO,69.0,93.879,INTERMEDIATE,3.0
2023,Monaco,R,ZHO,70.0,90.405,INTERMEDIATE,3.0
2023,Monaco,R,ZHO,71.0,89.336,INTERMEDIATE,3.0
2023,Monaco,R,ZHO,72.0,87.964,INTERMEDIATE,3.0
2023,Monaco,R,ZHO,73.0,90.119,INTERMEDIATE,3.0
2023,Monaco,R,ZHO,74.0,88.049,INTERMEDIATE,3.0
2023,Monaco,R,ZHO,75.0,86.612,INTERMEDIATE,3.0
2023,Monaco,R,ZHO,76.0,85.717,INTERMEDIATE,3.0
2023,Monaco,R,ZHO,77.0,86.615,INTERMEDIATE,3.0
2023,Monaco,R,HUL,1.0,120.092,MEDIUM,1.0
2023,Monaco,R,HUL,2.0,80.434,HARD,2.0
2023,Monaco,R,HUL,3.0,77.221,HARD,2.0
2023,Monaco,R,HUL,4.0,77.148,HARD,2.0
2023,Monaco,R,HUL,5.0,77.045,HARD,2.0
2023,Monaco,R,HUL,6.0,76.991,HARD,2.0
2023,Monaco,R,HUL,7.0,77.333,HARD,2.0
2023,Monaco,R,HUL,8.0,77.237,HARD,2.0
2023,Monaco,R,HUL,9.0,77.433,HARD,2.0
2023,Monaco,R,HUL,10.0,78.028,HARD,2.0
2023,Monaco,R,HUL,11.0,79.596,HARD,2.0
2023,Monaco,R,HUL,12.0,80.164,HARD,2.0
2023,Monaco,R,HUL,13.0,80.824,HARD,2.0
2023,Monaco,R,HUL,14.0,81.254,HARD,2.0
2023,Monaco,R,HUL,15.0,80.972,HARD,2.0
2023,Monaco,R,HUL,16.0,80.281,HARD,2.0
2023,Monaco,R,HUL,17.0,80.171,HARD,2.0
2023,Monaco,R,HUL,18.0,81.166,HARD,2.0
2023,Monaco,R,HUL,19.0,79.836,HARD,2.0
2023,Monaco,R,HUL,20.0,77.642,HARD,2.0
2023,Monaco,R,HUL,21.0,77.201,HARD,2.0
2023,Monaco,R,HUL,22.0,77.845,HARD,2.0
2023,Monaco,R,HUL,23.0,78.009,HARD,2.0
2023,Monaco,R,HUL,24.0,78.363,HARD,2.0
2023,Monaco,R,HUL,25.0,78.23,HARD,2.0
2023,Monaco,R,HUL,26.0,78.664,HARD,2.0
2023,Monaco,R,HUL,27.0,78.956,HARD,2.0
2023,Monaco,R,HUL,28.0,79.589,HARD,2.0
2023,Monaco,R,HUL,29.0,81.412,HARD,2.0
2023,Monaco,R,HUL,30.0,78.92,HARD,2.0
2023,Monaco,R,HUL,31.0,79.756,HARD,2.0
2023,Monaco,R,HUL,32.0,79.708,HARD,2.0
2023,Monaco,R,HUL,33.0,81.348,HARD,2.0
2023,Monaco,R,HUL,34.0,80.956,HARD,2.0
2023,Monaco,R,HUL,35.0,78.327,HARD,2.0
2023,Monaco,R,HUL,36.0,79.148,HARD,2.0
2023,Monaco,R,HUL,37.0,79.009,HARD,2.0
2023,Monaco,R,HUL,38.0,78.602,HARD,2.0
2023,Monaco,R,HUL,39.0,78.557,HARD,2.0
2023,Monaco,R,HUL,40.0,78.692,HARD,2.0
2023,Monaco,R,HUL,41.0,78.606,HARD,2.0
2023,Monaco,R,HUL,42.0,78.838,HARD,2.0
2023,Monaco,R,HUL,43.0,78.991,HARD,2.0
2023,Monaco,R,HUL,44.0,78.467,HARD,2.0
2023,Monaco,R,HUL,45.0,78.751,HARD,2.0
2023,Monaco,R,HUL,46.0,78.608,HARD,2.0
2023,Monaco,R,HUL,47.0,78.857,HARD,2.0
2023,Monaco,R,HUL,48.0,78.789,HARD,2.0
2023,Monaco,R,HUL,49.0,79.036,HARD,2.0
2023,Monaco,R,HUL,50.0,80.238,HARD,2.0
2023,Monaco,R,HUL,51.0,88.292,HARD,2.0
2023,Monaco,R,HUL,52.0,91.149,HARD,2.0
2023,Monaco,R,HUL,53.0,100.881,HARD,2.0
2023,Monaco,R,HUL,54.0,139.643,HARD,2.0
2023,Monaco,R,HUL,55.0,104.22,INTERMEDIATE,3.0
2023,Monaco,R,HUL,56.0,103.79,INTERMEDIATE,3.0
2023,Monaco,R,HUL,57.0,102.598,INTERMEDIATE,3.0
2023,Monaco,R,HUL,58.0,102.188,INTERMEDIATE,3.0
2023,Monaco,R,HUL,59.0,119.463,INTERMEDIATE,3.0
2023,Monaco,R,HUL,60.0,102.782,WET,4.0
2023,Monaco,R,HUL,61.0,99.565,WET,4.0
2023,Monaco,R,HUL,62.0,98.291,WET,4.0
2023,Monaco,R,HUL,63.0,97.973,WET,4.0
2023,Monaco,R,HUL,64.0,97.628,WET,4.0
2023,Monaco,R,HUL,65.0,96.647,WET,4.0
2023,Monaco,R,HUL,66.0,96.301,WET,4.0
2023,Monaco,R,HUL,67.0,95.656,WET,4.0
2023,Monaco,R,HUL,68.0,96.655,WET,4.0
2023,Monaco,R,HUL,69.0,95.297,WET,4.0
2023,Monaco,R,HUL,70.0,100.947,WET,4.0
2023,Monaco,R,HUL,71.0,93.744,WET,4.0
2023,Monaco,R,HUL,72.0,92.994,WET,4.0
2023,Monaco,R,HUL,73.0,93.111,WET,4.0
2023,Monaco,R,HUL,74.0,94.924,WET,4.0
2023,Monaco,R,HUL,75.0,94.146,WET,4.0
2023,Monaco,R,HUL,76.0,90.26,WET,4.0
2023,Monaco,R,OCO,1.0,86.639,MEDIUM,1.0
2023,Monaco,R,OCO,2.0,80.301,MEDIUM,1.0
2023,Monaco,R,OCO,3.0,79.704,MEDIUM,1.0
2023,Monaco,R,OCO,4.0,79.314,MEDIUM,1.0
2023,Monaco,R,OCO,5.0,79.041,MEDIUM,1.0
2023,Monaco,R,OCO,6.0,78.731,MEDIUM,1.0
2023,Monaco,R,OCO,7.0,78.782,MEDIUM,1.0
2023,Monaco,R,OCO,8.0,78.533,MEDIUM,1.0
2023,Monaco,R,OCO,9.0,78.594,MEDIUM,1.0
2023,Monaco,R,OCO,10.0,78.46,MEDIUM,1.0
2023,Monaco,R,OCO,11.0,78.271,MEDIUM,1.0
2023,Monaco,R,OCO,12.0,78.515,MEDIUM,1.0
2023,Monaco,R,OCO,13.0,78.025,MEDIUM,1.0
2023,Monaco,R,OCO,14.0,78.055,MEDIUM,1.0
2023,Monaco,R,OCO,15.0,78.018,MEDIUM,1.0
2023,Monaco,R,OCO,16.0,77.948,MEDIUM,1.0
2023,Monaco,R,OCO,17.0,78.372,MEDIUM,1.0
2023,Monaco,R,OCO,18.0,78.22,MEDIUM,1.0
2023,Monaco,R,OCO,19.0,78.074,MEDIUM,1.0
2023,Monaco,R,OCO,20.0,78.087,MEDIUM,1.0
2023,Monaco,R,OCO,21.0,78.161,MEDIUM,1.0
2023,Monaco,R,OCO,22.0,78.057,MEDIUM,1.0
2023,Monaco,R,OCO,23.0,77.873,MEDIUM,1.0
2023,Monaco,R,OCO,24.0,77.498,MEDIUM,1.0
2023,Monaco,R,OCO,25.0,77.451,MEDIUM,1.0
2023,Monaco,R,OCO,26.0,77.433,MEDIUM,1.0
2023,Monaco,R,OCO,27.0,77.145,MEDIUM,1.0
2023,Monaco,R,OCO,28.0,76.938,MEDIUM,1.0
2023,Monaco,R,OCO,29.0,77.179,MEDIUM,1.0
2023,Monaco,R,OCO,30.0,77.334,MEDIUM,1.0
2023,Monaco,R,OCO,31.0,77.331,MEDIUM,1.0
2023,Monaco,R,OCO,32.0,94.668,MEDIUM,1.0
2023,Monaco,R,OCO,33.0,79.289,HARD,2.0
2023,Monaco,R,OCO,34.0,76.95,HARD,2.0
2023,Monaco,R,OCO,35.0,77.095,HARD,2.0
2023,Monaco,R,OCO,36.0,77.304,HARD,2.0
2023,Monaco,R,OCO,37.0,77.14,HARD,2.0
2023,Monaco,R,OCO,38.0,77.048,HARD,2.0
2023,Monaco,R,OCO,39.0,77.169,HARD,2.0
2023,Monaco,R,OCO,40.0,77.025,HARD,2.0
2023,Monaco,R,OCO,41.0,76.528,HARD,2.0
2023,Monaco,R,OCO,42.0,77.01,HARD,2.0
2023,Monaco,R,OCO,43.0,77.002,HARD,2.0
2023,Monaco,R,OCO,44.0,77.033,HARD,2.0
2023,Monaco,R,OCO,45.0,77.271,HARD,2.0
2023,Monaco,R,OCO,46.0,76.775,HARD,2.0
2023,Monaco,R,OCO,47.0,76.962,HARD,2.0
2023,Monaco,R,OCO,48.0,76.968,HARD,2.0
2023,Monaco,R,OCO,49.0,77.09,HARD,2.0
2023,Monaco,R,OCO,50.0,77.836,HARD,2.0
2023,Monaco,R,OCO,51.0,79.453,HARD,2.0
2023,Monaco,R,OCO,52.0,86.99,HARD,2.0
2023,Monaco,R,OCO,53.0,89.909,HARD,2.0
2023,Monaco,R,OCO,54.0,114.547,HARD,2.0
2023,Monaco,R,OCO,55.0,102.379,INTERMEDIATE,3.0
2023,Monaco,R,OCO,56.0,101.755,INTERMEDIATE,3.0
2023,Monaco,R,OCO,57.0,102.554,INTERMEDIATE,3.0
2023,Monaco,R,OCO,58.0,103.729,INTERMEDIATE,3.0
2023,Monaco,R,OCO,59.0,105.002,INTERMEDIATE,3.0
2023,Monaco,R,OCO,60.0,102.527,INTERMEDIATE,3.0
2023,Monaco,R,OCO,61.0,102.63,INTERMEDIATE,3.0
2023,Monaco,R,OCO,62.0,102.139,INTERMEDIATE,3.0
2023,Monaco,R,OCO,63.0,101.123,INTERMEDIATE,3.0
2023,Monaco,R,OCO,64.0,100.375,INTERMEDIATE,3.0
2023,Monaco,R,OCO,65.0,97.029,INTERMEDIATE,3.0
2023,Monaco,R,OCO,66.0,95.456,INTERMEDIATE,3.0
2023,Monaco,R,OCO,67.0,94.457,INTERMEDIATE,3.0
2023,Monaco,R,OCO,68.0,93.484,INTERMEDIATE,3.0
2023,Monaco,R,OCO,69.0,92.501,INTERMEDIATE,3.0
2023,Monaco,R,OCO,70.0,90.3,INTERMEDIATE,3.0
2023,Monaco,R,OCO,71.0,90.027,INTERMEDIATE,3.0
2023,Monaco,R,OCO,72.0,89.541,INTERMEDIATE,3.0
2023,Monaco,R,OCO,73.0,87.666,INTERMEDIATE,3.0
2023,Monaco,R,OCO,74.0,86.712,INTERMEDIATE,3.0
2023,Monaco,R,OCO,75.0,85.133,INTERMEDIATE,3.0
2023,Monaco,R,OCO,76.0,84.834,INTERMEDIATE,3.0
2023,Monaco,R,OCO,77.0,86.24,INTERMEDIATE,3.0
2023,Monaco,R,OCO,78.0,84.231,INTERMEDIATE,3.0
2023,Monaco,R,NOR,1.0,92.034,MEDIUM,1.0
2023,Monaco,R,NOR,2.0,81.61,MEDIUM,1.0
2023,Monaco,R,NOR,3.0,80.396,MEDIUM,1.0
2023,Monaco,R,NOR,4.0,80.209,MEDIUM,1.0
2023,Monaco,R,NOR,5.0,79.502,MEDIUM,1.0
2023,Monaco,R,NOR,6.0,79.045,MEDIUM,1.0
2023,Monaco,R,NOR,7.0,78.652,MEDIUM,1.0
2023,Monaco,R,NOR,8.0,78.651,MEDIUM,1.0
2023,Monaco,R,NOR,9.0,79.065,MEDIUM,1.0
2023,Monaco,R,NOR,10.0,79.053,MEDIUM,1.0
2023,Monaco,R,NOR,11.0,79.148,MEDIUM,1.0
2023,Monaco,R,NOR,12.0,80.277,MEDIUM,1.0
2023,Monaco,R,NOR,13.0,78.978,MEDIUM,1.0
2023,Monaco,R,NOR,14.0,78.856,MEDIUM,1.0
2023,Monaco,R,NOR,15.0,78.855,MEDIUM,1.0
2023,Monaco,R,NOR,16.0,78.988,MEDIUM,1.0
2023,Monaco,R,NOR,17.0,78.937,MEDIUM,1.0
2023,Monaco,R,NOR,18.0,79.01,MEDIUM,1.0
2023,Monaco,R,NOR,19.0,79.504,MEDIUM,1.0
2023,Monaco,R,NOR,20.0,78.985,MEDIUM,1.0
2023,Monaco,R,NOR,21.0,79.074,MEDIUM,1.0
2023,Monaco,R,NOR,22.0,78.882,MEDIUM,1.0
2023,Monaco,R,NOR,23.0,78.657,MEDIUM,1.0
2023,Monaco,R,NOR,24.0,78.681,MEDIUM,1.0
2023,Monaco,R,NOR,25.0,78.78,MEDIUM,1.0
2023,Monaco,R,NOR,26.0,79.067,MEDIUM,1.0
2023,Monaco,R,NOR,27.0,79.109,MEDIUM,1.0
2023,Monaco,R,NOR,28.0,78.771,MEDIUM,1.0
2023,Monaco,R,NOR,29.0,78.906,MEDIUM,1.0
2023,Monaco,R,NOR,30.0,78.568,MEDIUM,1.0
2023,Monaco,R,NOR,31.0,78.454,MEDIUM,1.0
2023,Monaco,R,NOR,32.0,77.914,MEDIUM,1.0
2023,Monaco,R,NOR,33.0,78.042,MEDIUM,1.0
2023,Monaco,R,NOR,34.0,78.026,MEDIUM,1.0
2023,Monaco,R,NOR,35.0,78.192,MEDIUM,1.0
2023,Monaco,R,NOR,36.0,78.05,MEDIUM,1.0
2023,Monaco,R,NOR,37.0,78.303,MEDIUM,1.0
2023,Monaco,R,NOR,38.0,78.214,MEDIUM,1.0
2023,Monaco,R,NOR,39.0,78.151,MEDIUM,1.0
2023,Monaco,R,NOR,40.0,78.529,MEDIUM,1.0
2023,Monaco,R,NOR,41.0,78.409,MEDIUM,1.0
2023,Monaco,R,NOR,42.0,78.149,MEDIUM,1.0
2023,Monaco,R,NOR,43.0,78.045,MEDIUM,1.0
2023,Monaco,R,NOR,44.0,77.991,MEDIUM,1.0
2023,Monaco,R,NOR,45.0,77.862,MEDIUM,1.0
2023,Monaco,R,NOR,46.0,77.844,MEDIUM,1.0
2023,Monaco,R,NOR,47.0,78.234,MEDIUM,1.0
2023,Monaco,R,NOR,48.0,78.297,MEDIUM,1.0
2023,Monaco,R,NOR,49.0,78.152,MEDIUM,1.0
2023,Monaco,R,NOR,50.0,95.974,MEDIUM,1.0
2023,Monaco,R,NOR,51.0,87.706,HARD,2.0
2023,Monaco,R,NOR,52.0,88.675,HARD,2.0
2023,Monaco,R,NOR,53.0,92.162,HARD,2.0
2023,Monaco,R,NOR,54.0,132.003,HARD,2.0
2023,Monaco,R,NOR,55.0,103.38,INTERMEDIATE,3.0
2023,Monaco,R,NOR,56.0,100.384,INTERMEDIATE,3.0
2023,Monaco,R,NOR,57.0,100.421,INTERMEDIATE,3.0
2023,Monaco,R,NOR,58.0,102.13,INTERMEDIATE,3.0
2023,Monaco,R,NOR,59.0,101.216,INTERMEDIATE,3.0
2023,Monaco,R,NOR,60.0,101.789,INTERMEDIATE,3.0
2023,Monaco,R,NOR,61.0,99.545,INTERMEDIATE,3.0
2023,Monaco,R,NOR,62.0,98.893,INTERMEDIATE,3.0
2023,Monaco,R,NOR,63.0,98.511,INTERMEDIATE,3.0
2023,Monaco,R,NOR,64.0,98.75,INTERMEDIATE,3.0
2023,Monaco,R,NOR,65.0,98.818,INTERMEDIATE,3.0
2023,Monaco,R,NOR,66.0,96.981,INTERMEDIATE,3.0
2023,Monaco,R,NOR,67.0,92.417,INTERMEDIATE,3.0
2023,Monaco,R,NOR,68.0,91.037,INTERMEDIATE,3.0
2023,Monaco,R,NOR,69.0,90.126,INTERMEDIATE,3.0
2023,Monaco,R,NOR,70.0,88.512,INTERMEDIATE,3.0
2023,Monaco,R,NOR,71.0,88.373,INTERMEDIATE,3.0
2023,Monaco,R,NOR,72.0,85.959,INTERMEDIATE,3.0
2023,Monaco,R,NOR,73.0,85.767,INTERMEDIATE,3.0
2023,Monaco,R,NOR,74.0,85.471,INTERMEDIATE,3.0
2023,Monaco,R,NOR,75.0,85.278,INTERMEDIATE,3.0
2023,Monaco,R,NOR,76.0,85.767,INTERMEDIATE,3.0
2023,Monaco,R,NOR,77.0,86.888,INTERMEDIATE,3.0
2023,Monaco,R,HAM,1.0,88.585,MEDIUM,1.0
2023,Monaco,R,HAM,2.0,80.527,MEDIUM,1.0
2023,Monaco,R,HAM,3.0,80.105,MEDIUM,1.0
2023,Monaco,R,HAM,4.0,79.356,MEDIUM,1.0
2023,Monaco,R,HAM,5.0,78.736,MEDIUM,1.0
2023,Monaco,R,HAM,6.0,78.958,MEDIUM,1.0
2023,Monaco,R,HAM,7.0,78.651,MEDIUM,1.0
2023,Monaco,R,HAM,8.0,79.051,MEDIUM,1.0
2023,Monaco,R,HAM,9.0,78.829,MEDIUM,1.0
2023,Monaco,R,HAM,10.0,78.173,MEDIUM,1.0
2023,Monaco,R,HAM,11.0,77.926,MEDIUM,1.0
2023,Monaco,R,HAM,12.0,78.23,MEDIUM,1.0
2023,Monaco,R,HAM,13.0,78.084,MEDIUM,1.0
2023,Monaco,R,HAM,14.0,78.422,MEDIUM,1.0
2023,Monaco,R,HAM,15.0,78.189,MEDIUM,1.0
2023,Monaco,R,HAM,16.0,78.31,MEDIUM,1.0
2023,Monaco,R,HAM,17.0,78.254,MEDIUM,1.0
2023,Monaco,R,HAM,18.0,78.37,MEDIUM,1.0
2023,Monaco,R,HAM,19.0,78.207,MEDIUM,1.0
2023,Monaco,R,HAM,20.0,78.121,MEDIUM,1.0
2023,Monaco,R,HAM,21.0,78.311,MEDIUM,1.0
2023,Monaco,R,HAM,22.0,77.393,MEDIUM,1.0
2023,Monaco,R,HAM,23.0,78.053,MEDIUM,1.0
2023,Monaco,R,HAM,24.0,77.431,MEDIUM,1.0
2023,Monaco,R,HAM,25.0,77.643,MEDIUM,1.0
2023,Monaco,R,HAM,26.0,77.716,MEDIUM,1.0
2023,Monaco,R,HAM,27.0,77.322,MEDIUM,1.0
2023,Monaco,R,HAM,28.0,77.334,MEDIUM,1.0
2023,Monaco,R,HAM,29.0,77.372,MEDIUM,1.0
2023,Monaco,R,HAM,30.0,77.742,MEDIUM,1.0
2023,Monaco,R,HAM,31.0,95.467,MEDIUM,1.0
2023,Monaco,R,HAM,32.0,78.165,HARD,2.0
2023,Monaco,R,HAM,33.0,75.65,HARD,2.0
2023,Monaco,R,HAM,34.0,78.357,HARD,2.0
2023,Monaco,R,HAM,35.0,77.159,HARD,2.0
2023,Monaco,R,HAM,36.0,77.688,HARD,2.0
2023,Monaco,R,HAM,37.0,77.711,HARD,2.0
2023,Monaco,R,HAM,38.0,77.167,HARD,2.0
2023,Monaco,R,HAM,39.0,77.293,HARD,2.0
2023,Monaco,R,HAM,40.0,76.962,HARD,2.0
2023,Monaco,R,HAM,41.0,76.588,HARD,2.0
2023,Monaco,R,HAM,42.0,76.58,HARD,2.0
2023,Monaco,R,HAM,43.0,76.529,HARD,2.0
2023,Monaco,R,HAM,44.0,76.88,HARD,2.0
2023,Monaco,R,HAM,45.0,78.833,HARD,2.0
2023,Monaco,R,HAM,46.0,76.85,HARD,2.0
2023,Monaco,R,HAM,47.0,76.257,HARD,2.0
2023,Monaco,R,HAM,48.0,76.86,HARD,2.0
2023,Monaco,R,HAM,49.0,76.781,HARD,2.0
2023,Monaco,R,HAM,50.0,77.11,HARD,2.0
2023,Monaco,R,HAM,51.0,78.294,HARD,2.0
2023,Monaco,R,HAM,52.0,86.237,HARD,2.0
2023,Monaco,R,HAM,53.0,91.341,HARD,2.0
2023,Monaco,R,HAM,54.0,115.141,HARD,2.0
2023,Monaco,R,HAM,55.0,99.603,INTERMEDIATE,3.0
2023,Monaco,R,HAM,56.0,101.277,INTERMEDIATE,3.0
2023,Monaco,R,HAM,57.0,103.278,INTERMEDIATE,3.0
2023,Monaco,R,HAM,58.0,103.378,INTERMEDIATE,3.0
2023,Monaco,R,HAM,59.0,105.199,INTERMEDIATE,3.0
2023,Monaco,R,HAM,60.0,103.041,INTERMEDIATE,3.0
2023,Monaco,R,HAM,61.0,102.396,INTERMEDIATE,3.0
2023,Monaco,R,HAM,62.0,102.287,INTERMEDIATE,3.0
2023,Monaco,R,HAM,63.0,101.315,INTERMEDIATE,3.0
2023,Monaco,R,HAM,64.0,98.957,INTERMEDIATE,3.0
2023,Monaco,R,HAM,65.0,97.636,INTERMEDIATE,3.0
2023,Monaco,R,HAM,66.0,96.203,INTERMEDIATE,3.0
2023,Monaco,R,HAM,67.0,94.539,INTERMEDIATE,3.0
2023,Monaco,R,HAM,68.0,92.866,INTERMEDIATE,3.0
2023,Monaco,R,HAM,69.0,93.757,INTERMEDIATE,3.0
2023,Monaco,R,HAM,70.0,89.68,INTERMEDIATE,3.0
2023,Monaco,R,HAM,71.0,89.667,INTERMEDIATE,3.0
2023,Monaco,R,HAM,72.0,89.415,INTERMEDIATE,3.0
2023,Monaco,R,HAM,73.0,87.735,INTERMEDIATE,3.0
2023,Monaco,R,HAM,74.0,86.304,INTERMEDIATE,3.0
2023,Monaco,R,HAM,75.0,85.242,INTERMEDIATE,3.0
2023,Monaco,R,HAM,76.0,84.651,INTERMEDIATE,3.0
2023,Monaco,R,HAM,77.0,86.21,INTERMEDIATE,3.0
2023,Monaco,R,HAM,78.0,85.105,INTERMEDIATE,3.0
2023,Monaco,R,SAI,1.0,87.39,HARD,1.0
2023,Monaco,R,SAI,2.0,80.593,HARD,1.0
2023,Monaco,R,SAI,3.0,79.958,HARD,1.0
2023,Monaco,R,SAI,4.0,79.482,HARD,1.0
2023,Monaco,R,SAI,5.0,78.723,HARD,1.0
2023,Monaco,R,SAI,6.0,78.764,HARD,1.0
2023,Monaco,R,SAI,7.0,78.697,HARD,1.0
2023,Monaco,R,SAI,8.0,78.637,HARD,1.0
2023,Monaco,R,SAI,9.0,78.306,HARD,1.0
2023,Monaco,R,SAI,10.0,78.07,HARD,1.0
2023,Monaco,R,SAI,11.0,78.265,HARD,1.0
2023,Monaco,R,SAI,12.0,78.947,HARD,1.0
2023,Monaco,R,SAI,13.0,78.286,HARD,1.0
2023,Monaco,R,SAI,14.0,78.107,HARD,1.0
2023,Monaco,R,SAI,15.0,77.883,HARD,1.0
2023,Monaco,R,SAI,16.0,78.239,HARD,1.0
2023,Monaco,R,SAI,17.0,78.36,HARD,1.0
2023,Monaco,R,SAI,18.0,78.178,HARD,1.0
2023,Monaco,R,SAI,19.0,77.999,HARD,1.0
2023,Monaco,R,SAI,20.0,78.032,HARD,1.0
2023,Monaco,R,SAI,21.0,78.006,HARD,1.0
2023,Monaco,R,SAI,22.0,78.007,HARD,1.0
2023,Monaco,R,SAI,23.0,78.006,HARD,1.0
2023,Monaco,R,SAI,24.0,77.912,HARD,1.0
2023,Monaco,R,SAI,25.0,77.464,HARD,1.0
2023,Monaco,R,SAI,26.0,77.366,HARD,1.0
2023,Monaco,R,SAI,27.0,77.318,HARD,1.0
2023,Monaco,R,SAI,28.0,77.316,HARD,1.0
2023,Monaco,R,SAI,29.0,77.171,HARD,1.0
2023,Monaco,R,SAI,30.0,77.22,HARD,1.0
2023,Monaco,R,SAI,31.0,77.465,HARD,1.0
2023,Monaco,R,SAI,32.0,77.18,HARD,1.0
2023,Monaco,R,SAI,33.0,93.612,HARD,1.0
2023,Monaco,R,SAI,34.0,80.767,MEDIUM,2.0
2023,Monaco,R,SAI,35.0,76.628,MEDIUM,2.0
2023,Monaco,R,SAI,36.0,77.979,MEDIUM,2.0
2023,Monaco,R,SAI,37.0,77.565,MEDIUM,2.0
2023,Monaco,R,SAI,38.0,76.786,MEDIUM,2.0
2023,Monaco,R,SAI,39.0,77.175,MEDIUM,2.0
2023,Monaco,R,SAI,40.0,77.023,MEDIUM,2.0
2023,Monaco,R,SAI,41.0,76.651,MEDIUM,2.0
2023,Monaco,R,SAI,42.0,76.467,MEDIUM,2.0
2023,Monaco,R,SAI,43.0,76.449,MEDIUM,2.0
2023,Monaco,R,SAI,44.0,77.76,MEDIUM,2.0
2023,Monaco,R,SAI,45.0,77.146,MEDIUM,2.0
2023,Monaco,R,SAI,46.0,77.22,MEDIUM,2.0
2023,Monaco,R,SAI,47.0,76.732,MEDIUM,2.0
2023,Monaco,R,SAI,48.0,76.561,MEDIUM,2.0
2023,Monaco,R,SAI,49.0,77.014,MEDIUM,2.0
2023,Monaco,R,SAI,50.0,76.917,MEDIUM,2.0
2023,Monaco,R,SAI,51.0,79.013,MEDIUM,2.0
2023,Monaco,R,SAI,52.0,86.201,MEDIUM,2.0
2023,Monaco,R,SAI,53.0,90.068,MEDIUM,2.0
2023,Monaco,R,SAI,54.0,97.315,MEDIUM,2.0
2023,Monaco,R,SAI,55.0,139.381,MEDIUM,2.0
2023,Monaco,R,SAI,56.0,102.32,INTERMEDIATE,3.0
2023,Monaco,R,SAI,57.0,101.192,INTERMEDIATE,3.0
2023,Monaco,R,SAI,58.0,103.462,INTERMEDIATE,3.0
2023,Monaco,R,SAI,59.0,102.82,INTERMEDIATE,3.0
2023,Monaco,R,SAI,60.0,103.041,INTERMEDIATE,3.0
2023,Monaco,R,SAI,61.0,102.633,INTERMEDIATE,3.0
2023,Monaco,R,SAI,62.0,100.78,INTERMEDIATE,3.0
2023,Monaco,R,SAI,63.0,99.899,INTERMEDIATE,3.0
2023,Monaco,R,SAI,64.0,99.306,INTERMEDIATE,3.0
2023,Monaco,R,SAI,65.0,97.838,INTERMEDIATE,3.0
2023,Monaco,R,SAI,66.0,96.238,INTERMEDIATE,3.0
2023,Monaco,R,SAI,67.0,94.999,INTERMEDIATE,3.0
2023,Monaco,R,SAI,68.0,93.322,INTERMEDIATE,3.0
2023,Monaco,R,SAI,69.0,95.394,INTERMEDIATE,3.0
2023,Monaco,R,SAI,70.0,92.13,INTERMEDIATE,3.0
2023,Monaco,R,SAI,71.0,89.92,INTERMEDIATE,3.0
2023,Monaco,R,SAI,72.0,89.849,INTERMEDIATE,3.0
2023,Monaco,R,SAI,73.0,87.84,INTERMEDIATE,3.0
2023,Monaco,R,SAI,74.0,88.585,INTERMEDIATE,3.0
2023,Monaco,R,SAI,75.0,86.388,INTERMEDIATE,3.0
2023,Monaco,R,SAI,76.0,85.776,INTERMEDIATE,3.0
2023,Monaco,R,SAI,77.0,85.579,INTERMEDIATE,3.0
2023,Monaco,R,SAI,78.0,86.283,INTERMEDIATE,3.0
2023,Monaco,R,RUS,1.0,90.387,HARD,1.0
2023,Monaco,R,RUS,2.0,81.155,HARD,1.0
2023,Monaco,R,RUS,3.0,80.291,HARD,1.0
2023,Monaco,R,RUS,4.0,80.03,HARD,1.0
2023,Monaco,R,RUS,5.0,78.84,HARD,1.0
2023,Monaco,R,RUS,6.0,78.945,HARD,1.0
2023,Monaco,R,RUS,7.0,78.583,HARD,1.0
2023,Monaco,R,RUS,8.0,78.99,HARD,1.0
2023,Monaco,R,RUS,9.0,79.025,HARD,1.0
2023,Monaco,R,RUS,10.0,78.566,HARD,1.0
2023,Monaco,R,RUS,11.0,78.483,HARD,1.0
2023,Monaco,R,RUS,12.0,78.459,HARD,1.0
2023,Monaco,R,RUS,13.0,77.787,HARD,1.0
2023,Monaco,R,RUS,14.0,78.286,HARD,1.0
2023,Monaco,R,RUS,15.0,78.531,HARD,1.0
2023,Monaco,R,RUS,16.0,78.502,HARD,1.0
2023,Monaco,R,RUS,17.0,78.244,HARD,1.0
2023,Monaco,R,RUS,18.0,78.229,HARD,1.0
2023,Monaco,R,RUS,19.0,78.299,HARD,1.0
2023,Monaco,R,RUS,20.0,78.32,HARD,1.0
2023,Monaco,R,RUS,21.0,78.086,HARD,1.0
2023,Monaco,R,RUS,22.0,77.879,HARD,1.0
2023,Monaco,R,RUS,23.0,78.111,HARD,1.0
2023,Monaco,R,RUS,24.0,77.709,HARD,1.0
2023,Monaco,R,RUS,25.0,77.648,HARD,1.0
2023,Monaco,R,RUS,26.0,77.9,HARD,1.0
2023,Monaco,R,RUS,27.0,77.837,HARD,1.0
2023,Monaco,R,RUS,28.0,77.353,HARD,1.0
2023,Monaco,R,RUS,29.0,77.332,HARD,1.0
2023,Monaco,R,RUS,30.0,77.3,HARD,1.0
2023,Monaco,R,RUS,31.0,77.404,HARD,1.0
2023,Monaco,R,RUS,32.0,77.474,HARD,1.0
2023,Monaco,R,RUS,33.0,77.556,HARD,1.0
2023,Monaco,R,RUS,34.0,77.569,HARD,1.0
2023,Monaco,R,RUS,35.0,77.568,HARD,1.0
2023,Monaco,R,RUS,36.0,77.111,HARD,1.0
2023,Monaco,R,RUS,37.0,77.335,HARD,1.0
2023,Monaco,R,RUS,38.0,77.195,HARD,1.0
2023,Monaco,R,RUS,39.0,77.339,HARD,1.0
2023,Monaco,R,RUS,40.0,77.215,HARD,1.0
2023,Monaco,R,RUS,41.0,77.323,HARD,1.0
2023,Monaco,R,RUS,42.0,77.979,HARD,1.0
2023,Monaco,R,RUS,43.0,77.847,HARD,1.0
2023,Monaco,R,RUS,44.0,77.967,HARD,1.0
2023,Monaco,R,RUS,45.0,77.545,HARD,1.0
2023,Monaco,R,RUS,46.0,77.068,HARD,1.0
2023,Monaco,R,RUS,47.0,77.06,HARD,1.0
2023,Monaco,R,RUS,48.0,76.798,HARD,1.0
2023,Monaco,R,RUS,49.0,77.223,HARD,1.0
2023,Monaco,R,RUS,50.0,77.635,HARD,1.0
2023,Monaco,R,RUS,51.0,79.64,HARD,1.0
2023,Monaco,R,RUS,52.0,84.754,HARD,1.0
2023,Monaco,R,RUS,53.0,88.625,HARD,1.0
2023,Monaco,R,RUS,54.0,117.545,HARD,1.0
2023,Monaco,R,RUS,55.0,115.804,INTERMEDIATE,2.0
2023,Monaco,R,RUS,56.0,101.302,INTERMEDIATE,2.0
2023,Monaco,R,RUS,57.0,103.554,INTERMEDIATE,2.0
2023,Monaco,R,RUS,58.0,102.155,INTERMEDIATE,2.0
2023,Monaco,R,RUS,59.0,103.463,INTERMEDIATE,2.0
2023,Monaco,R,RUS,60.0,103.53,INTERMEDIATE,2.0
2023,Monaco,R,RUS,61.0,101.329,INTERMEDIATE,2.0
2023,Monaco,R,RUS,62.0,101.104,INTERMEDIATE,2.0
2023,Monaco,R,RUS,63.0,99.713,INTERMEDIATE,2.0
2023,Monaco,R,RUS,64.0,98.229,INTERMEDIATE,2.0
2023,Monaco,R,RUS,65.0,96.696,INTERMEDIATE,2.0
2023,Monaco,R,RUS,66.0,95.991,INTERMEDIATE,2.0
2023,Monaco,R,RUS,67.0,94.751,INTERMEDIATE,2.0
2023,Monaco,R,RUS,68.0,93.647,INTERMEDIATE,2.0
2023,Monaco,R,RUS,69.0,93.734,INTERMEDIATE,2.0
2023,Monaco,R,RUS,70.0,90.929,INTERMEDIATE,2.0
2023,Monaco,R,RUS,71.0,90.709,INTERMEDIATE,2.0
2023,Monaco,R,RUS,72.0,90.012,INTERMEDIATE,2.0
2023,Monaco,R,RUS,73.0,88.921,INTERMEDIATE,2.0
2023,Monaco,R,RUS,74.0,87.787,INTERMEDIATE,2.0
2023,Monaco,R,RUS,75.0,86.399,INTERMEDIATE,2.0
2023,Monaco,R,RUS,76.0,85.436,INTERMEDIATE,2.0
2023,Monaco,R,RUS,77.0,86.978,INTERMEDIATE,2.0
2023,Monaco,R,RUS,78.0,87.209,INTERMEDIATE,2.0
2023,Monaco,R,BOT,1.0,96.914,HARD,1.0
2023,Monaco,R,BOT,2.0,80.021,HARD,1.0
2023,Monaco,R,BOT,3.0,80.142,HARD,1.0
2023,Monaco,R,BOT,4.0,80.341,HARD,1.0
2023,Monaco,R,BOT,5.0,80.022,HARD,1.0
2023,Monaco,R,BOT,6.0,79.165,HARD,1.0
2023,Monaco,R,BOT,7.0,79.167,HARD,1.0
2023,Monaco,R,BOT,8.0,78.774,HARD,1.0
2023,Monaco,R,BOT,9.0,79.007,HARD,1.0
2023,Monaco,R,BOT,10.0,79.527,HARD,1.0
2023,Monaco,R,BOT,11.0,79.38,HARD,1.0
2023,Monaco,R,BOT,12.0,80.206,HARD,1.0
2023,Monaco,R,BOT,13.0,79.511,HARD,1.0
2023,Monaco,R,BOT,14.0,80.067,HARD,1.0
2023,Monaco,R,BOT,15.0,80.912,HARD,1.0
2023,Monaco,R,BOT,16.0,80.48,HARD,1.0
2023,Monaco,R,BOT,17.0,80.577,HARD,1.0
2023,Monaco,R,BOT,18.0,78.764,HARD,1.0
2023,Monaco,R,BOT,19.0,77.824,HARD,1.0
2023,Monaco,R,BOT,20.0,78.024,HARD,1.0
2023,Monaco,R,BOT,21.0,78.024,HARD,1.0
2023,Monaco,R,BOT,22.0,78.26,HARD,1.0
2023,Monaco,R,BOT,23.0,78.737,HARD,1.0
2023,Monaco,R,BOT,24.0,80.068,HARD,1.0
2023,Monaco,R,BOT,25.0,80.203,HARD,1.0
2023,Monaco,R,BOT,26.0,80.222,HARD,1.0
2023,Monaco,R,BOT,27.0,80.162,HARD,1.0
2023,Monaco,R,BOT,28.0,79.853,HARD,1.0
2023,Monaco,R,BOT,29.0,80.208,HARD,1.0
2023,Monaco,R,BOT,30.0,79.393,HARD,1.0
2023,Monaco,R,BOT,31.0,79.021,HARD,1.0
2023,Monaco,R,BOT,32.0,79.47,HARD,1.0
2023,Monaco,R,BOT,33.0,78.655,HARD,1.0
2023,Monaco,R,BOT,34.0,80.226,HARD,1.0
2023,Monaco,R,BOT,35.0,79.889,HARD,1.0
2023,Monaco,R,BOT,36.0,79.139,HARD,1.0
2023,Monaco,R,BOT,37.0,79.112,HARD,1.0
2023,Monaco,R,BOT,38.0,80.07,HARD,1.0
2023,Monaco,R,BOT,39.0,78.876,HARD,1.0
2023,Monaco,R,BOT,40.0,78.968,HARD,1.0
2023,Monaco,R,BOT,41.0,78.706,HARD,1.0
2023,Monaco,R,BOT,42.0,78.435,HARD,1.0
2023,Monaco,R,BOT,43.0,78.685,HARD,1.0
2023,Monaco,R,BOT,44.0,78.606,HARD,1.0
2023,Monaco,R,BOT,45.0,78.202,HARD,1.0
2023,Monaco,R,BOT,46.0,78.153,HARD,1.0
2023,Monaco,R,BOT,47.0,78.343,HARD,1.0
2023,Monaco,R,BOT,48.0,78.151,HARD,1.0
2023,Monaco,R,BOT,49.0,78.383,HARD,1.0
2023,Monaco,R,BOT,50.0,79.704,HARD,1.0
2023,Monaco,R,BOT,51.0,109.586,HARD,1.0
2023,Monaco,R,BOT,52.0,92.154,INTERMEDIATE,2.0
2023,Monaco,R,BOT,53.0,92.72,INTERMEDIATE,2.0
2023,Monaco,R,BOT,54.0,98.747,INTERMEDIATE,2.0
2023,Monaco,R,BOT,55.0,103.627,INTERMEDIATE,2.0
2023,Monaco,R,BOT,56.0,100.028,INTERMEDIATE,2.0
2023,Monaco,R,BOT,57.0,100.402,INTERMEDIATE,2.0
2023,Monaco,R,BOT,58.0,102.952,INTERMEDIATE,2.0
2023,Monaco,R,BOT,59.0,102.622,INTERMEDIATE,2.0
2023,Monaco,R,BOT,60.0,101.926,INTERMEDIATE,2.0
2023,Monaco,R,BOT,61.0,100.096,INTERMEDIATE,2.0
2023,Monaco,R,BOT,62.0,99.577,INTERMEDIATE,2.0
2023,Monaco,R,BOT,63.0,99.237,INTERMEDIATE,2.0
2023,Monaco,R,BOT,64.0,97.459,INTERMEDIATE,2.0
2023,Monaco,R,BOT,65.0,96.44,INTERMEDIATE,2.0
2023,Monaco,R,BOT,66.0,95.048,INTERMEDIATE,2.0
2023,Monaco,R,BOT,67.0,95.077,INTERMEDIATE,2.0
2023,Monaco,R,BOT,68.0,94.038,INTERMEDIATE,2.0
2023,Monaco,R,BOT,69.0,90.766,INTERMEDIATE,2.0
2023,Monaco,R,BOT,70.0,92.495,INTERMEDIATE,2.0
2023,Monaco,R,BOT,71.0,91.967,INTERMEDIATE,2.0
2023,Monaco,R,BOT,72.0,92.025,INTERMEDIATE,2.0
2023,Monaco,R,BOT,73.0,87.23,INTERMEDIATE,2.0
2023,Monaco,R,BOT,74.0,86.646,INTERMEDIATE,2.0
2023,Monaco,R,BOT,75.0,86.553,INTERMEDIATE,2.0
2023,Monaco,R,BOT,76.0,84.637,INTERMEDIATE,2.0
2023,Monaco,R,BOT,77.0,84.139,INTERMEDIATE,2.0
2023,Monaco,R,PIA,1.0,93.07,HARD,1.0
2023,Monaco,R,PIA,2.0,81.804,HARD,1.0
2023,Monaco,R,PIA,3.0,80.532,HARD,1.0
2023,Monaco,R,PIA,4.0,80.408,HARD,1.0
2023,Monaco,R,PIA,5.0,79.707,HARD,1.0
2023,Monaco,R,PIA,6.0,79.247,HARD,1.0
2023,Monaco,R,PIA,7.0,78.869,HARD,1.0
2023,Monaco,R,PIA,8.0,78.828,HARD,1.0
2023,Monaco,R,PIA,9.0,79.346,HARD,1.0
2023,Monaco,R,PIA,10.0,79.015,HARD,1.0
2023,Monaco,R,PIA,11.0,78.9,HARD,1.0
2023,Monaco,R,PIA,12.0,80.302,HARD,1.0
2023,Monaco,R,PIA,13.0,79.265,HARD,1.0
2023,Monaco,R,PIA,14.0,79.285,HARD,1.0
2023,Monaco,R,PIA,15.0,79.134,HARD,1.0
2023,Monaco,R,PIA,16.0,78.718,HARD,1.0
2023,Monaco,R,PIA,17.0,79.053,HARD,1.0
2023,Monaco,R,PIA,18.0,78.765,HARD,1.0
2023,Monaco,R,PIA,19.0,79.416,HARD,1.0
2023,Monaco,R,PIA,20.0,79.281,HARD,1.0
2023,Monaco,R,PIA,21.0,79.065,HARD,1.0
2023,Monaco,R,PIA,22.0,79.025,HARD,1.0
2023,Monaco,R,PIA,23.0,79.52,HARD,1.0
2023,Monaco,R,PIA,24.0,79.359,HARD,1.0
2023,Monaco,R,PIA,25.0,79.382,HARD,1.0
2023,Monaco,R,PIA,26.0,80.198,HARD,1.0
2023,Monaco,R,PIA,27.0,79.524,HARD,1.0
2023,Monaco,R,PIA,28.0,78.485,HARD,1.0
2023,Monaco,R,PIA,29.0,78.335,HARD,1.0
2023,Monaco,R,PIA,30.0,78.363,HARD,1.0
2023,Monaco,R,PIA,31.0,78.115,HARD,1.0
2023,Monaco,R,PIA,32.0,78.39,HARD,1.0
2023,Monaco,R,PIA,33.0,78.259,HARD,1.0
2023,Monaco,R,PIA,34.0,78.311,HARD,1.0
2023,Monaco,R,PIA,35.0,78.328,HARD,1.0
2023,Monaco,R,PIA,36.0,77.701,HARD,1.0
2023,Monaco,R,PIA,37.0,77.842,HARD,1.0
2023,Monaco,R,PIA,38.0,77.73,HARD,1.0
2023,Monaco,R,PIA,39.0,77.873,HARD,1.0
2023,Monaco,R,PIA,40.0,78.184,HARD,1.0
2023,Monaco,R,PIA,41.0,78.555,HARD,1.0
2023,Monaco,R,PIA,42.0,78.065,HARD,1.0
2023,Monaco,R,PIA,43.0,78.148,HARD,1.0
2023,Monaco,R,PIA,44.0,78.041,HARD,1.0
2023,Monaco,R,PIA,45.0,77.846,HARD,1.0
2023,Monaco,R,PIA,46.0,77.516,HARD,1.0
2023,Monaco,R,PIA,47.0,77.513,HARD,1.0
2023,Monaco,R,PIA,48.0,78.001,HARD,1.0
2023,Monaco,R,PIA,49.0,81.248,HARD,1.0
2023,Monaco,R,PIA,50.0,78.201,HARD,1.0
2023,Monaco,R,PIA,51.0,83.586,HARD,1.0
2023,Monaco,R,PIA,52.0,89.897,HARD,1.0
2023,Monaco,R,PIA,53.0,96.843,HARD,1.0
2023,Monaco,R,PIA,54.0,131.859,HARD,1.0
2023,Monaco,R,PIA,55.0,106.026,INTERMEDIATE,2.0
2023,Monaco,R,PIA,56.0,103.482,INTERMEDIATE,2.0
2023,Monaco,R,PIA,57.0,103.431,INTERMEDIATE,2.0
2023,Monaco,R,PIA,58.0,103.803,INTERMEDIATE,2.0
2023,Monaco,R,PIA,59.0,102.379,INTERMEDIATE,2.0
2023,Monaco,R,PIA,60.0,101.431,INTERMEDIATE,2.0
2023,Monaco,R,PIA,61.0,101.089,INTERMEDIATE,2.0
2023,Monaco,R,PIA,62.0,99.78,INTERMEDIATE,2.0
2023,Monaco,R,PIA,63.0,98.882,INTERMEDIATE,2.0
2023,Monaco,R,PIA,64.0,98.53,INTERMEDIATE,2.0
2023,Monaco,R,PIA,65.0,97.419,INTERMEDIATE,2.0
2023,Monaco,R,PIA,66.0,94.942,INTERMEDIATE,2.0
2023,Monaco,R,PIA,67.0,96.653,INTERMEDIATE,2.0
2023,Monaco,R,PIA,68.0,91.909,INTERMEDIATE,2.0
2023,Monaco,R,PIA,69.0,91.253,INTERMEDIATE,2.0
2023,Monaco,R,PIA,70.0,88.82,INTERMEDIATE,2.0
2023,Monaco,R,PIA,71.0,87.67,INTERMEDIATE,2.0
2023,Monaco,R,PIA,72.0,88.016,INTERMEDIATE,2.0
2023,Monaco,R,PIA,73.0,87.443,INTERMEDIATE,2.0
2023,Monaco,R,PIA,74.0,86.185,INTERMEDIATE,2.0
2023,Monaco,R,PIA,75.0,86.143,INTERMEDIATE,2.0
2023,Monaco,R,PIA,76.0,85.615,INTERMEDIATE,2.0
2023,Monaco,R,PIA,77.0,84.785,INTERMEDIATE,2.0
